-- phpMyAdmin SQL Dump
-- version 5.1.0
-- https://www.phpmyadmin.net/
--
-- Servidor: 127.0.0.1
-- Tiempo de generación: 15-07-2022 a las 09:48:08
-- Versión del servidor: 10.4.19-MariaDB
-- Versión de PHP: 8.0.6

SET SQL_MODE = "NO_AUTO_VALUE_ON_ZERO";
START TRANSACTION;
SET time_zone = "+00:00";


/*!40101 SET @OLD_CHARACTER_SET_CLIENT=@@CHARACTER_SET_CLIENT */;
/*!40101 SET @OLD_CHARACTER_SET_RESULTS=@@CHARACTER_SET_RESULTS */;
/*!40101 SET @OLD_COLLATION_CONNECTION=@@COLLATION_CONNECTION */;
/*!40101 SET NAMES utf8mb4 */;

--
-- Base de datos: `isft199`
--

-- --------------------------------------------------------

--
-- Estructura de tabla para la tabla `admin`
--

CREATE TABLE `admin` (
  `ad_id` int(11) NOT NULL,
  `ad_nombre` varchar(255) COLLATE utf8mb4_spanish_ci DEFAULT NULL,
  `ad_tel` int(11) DEFAULT NULL,
  `ad_mail` varchar(255) COLLATE utf8mb4_spanish_ci DEFAULT NULL
) ENGINE=InnoDB DEFAULT CHARSET=utf8mb4 COLLATE=utf8mb4_spanish_ci ROW_FORMAT=DYNAMIC;

--
-- Volcado de datos para la tabla `admin`
--

INSERT INTO `admin` (`ad_id`, `ad_nombre`, `ad_tel`, `ad_mail`) VALUES
(12345678, 'Rigoni Yanina', NULL, 'elpuchum@gmail.com'),
(33239764, 'Hua Leonardo', NULL, 'leonardohua@gmail.com'),
(39845897, 'Maciel Tamara', NULL, 'tmaciel@gmail.com'),
(43218765, 'Walter Solohaga', NULL, 'damisolo@gmial.com'),
(87654321, 'Gonzalez Arsenio', NULL, 'garsenio@gmail.com');

-- --------------------------------------------------------

--
-- Estructura de tabla para la tabla `alumno`
--

CREATE TABLE `alumno` (
  `al_id` int(50) NOT NULL,
  `al_nombre` varchar(255) COLLATE utf8mb4_spanish_ci DEFAULT NULL,
  `al_tel` int(11) DEFAULT NULL,
  `al_mail` varchar(255) COLLATE utf8mb4_spanish_ci DEFAULT NULL,
  `id_carrera` int(11) DEFAULT NULL,
  `al_dni` varchar(255) COLLATE utf8mb4_spanish_ci DEFAULT NULL
) ENGINE=InnoDB DEFAULT CHARSET=utf8mb4 COLLATE=utf8mb4_spanish_ci ROW_FORMAT=DYNAMIC;

--
-- Volcado de datos para la tabla `alumno`
--

INSERT INTO `alumno` (`al_id`, `al_nombre`, `al_tel`, `al_mail`, `id_carrera`, `al_dni`) VALUES
(1, 'Acosta Gonzalo Ignacio', NULL, 'gonza35.ga@gmail.com', 2, '33239000'),
(2, 'Aguirre Elizabeth Rocio', NULL, 'elizabethaguirre2741@gmail.com', 2, '20000000'),
(3, 'Albarracin Carlos Cesar', NULL, 'carlitoosalbarracin12@gmail.com', 2, '30000000'),
(4, 'Alcaraz Alonso Sara Elizabeth', NULL, 'saraalcaraz.elizabeth@gmail.com', 2, '40000000'),
(5, 'Aquino Katherine Nazarena Ailen', NULL, 'katherineaquino_13@hotmail.com', 2, '50000000'),
(6, 'Arellano Carolina', NULL, 'k-ro.a@hotmail.com', 2, '60000000'),
(7, 'Arian leonel ferreira olivera', NULL, 'Arianf43@gmail.com', 2, '70000000'),
(8, 'Baez Mariño Marcela Soledad', NULL, 'marcelasoledadbaez14@gmail.com', 2, '80000000'),
(9, 'Barragan  oscar ezequiel', NULL, 'eb788440@gmail.com', 2, '90000000'),
(10, 'Barraza Maia Milena', NULL, 'milenarose62@gmail.com', 2, '100000000'),
(11, 'Barraza Carolina Marilen', NULL, 'caaroo.barraza@gmail.com', 2, NULL),
(12, 'Barraza Cecilia Esmeralda', NULL, 'Esmebarraza97@gmail.com', 2, NULL),
(13, 'Britez Josias', NULL, 'joshiibrtz@gmail.com', 2, NULL),
(14, 'Britez Juana Estanislada.', NULL, 'britezjuana1994@gmail.com', 2, NULL),
(15, 'Butrón Moya Javier Héctor', NULL, 'javier-hbm@hotmail.com', 2, NULL),
(16, 'Carpensano Araceli Isabel', NULL, 'isabelcarpensano@gmail.com', 2, NULL),
(17, 'Civetta Melisa Macarena.', NULL, 'melcivetta@hotmail.com', 2, NULL),
(18, 'Contrera Florencia', NULL, 'florenciacontrera1995@gmail.com', 2, NULL),
(19, 'Córdoba Federico Matías', NULL, 'federicomcor@hotmail.es', 2, NULL),
(20, 'Da Silva Carmen Liliana', NULL, 'carmendasilvaliliana@gmail.com', 2, NULL),
(21, 'Diaz Rosa Pilar', NULL, 'rosapilardiaz22@gmail.com', 2, NULL),
(22, 'Ferreira Iara Analia', NULL, 'iaraf912@gmail.com', 2, NULL),
(23, 'Fortete Sofía Belén', NULL, 'Sofiafortete132@gmail.com', 2, NULL),
(24, 'Gaitan Mauricio Damian', NULL, 'mauriciodamiangaitan@gmail.com', 2, NULL),
(25, 'García Melany Nahir', NULL, 'garciamelani642@gmail.com', 2, NULL),
(26, 'Gimenez Agustín Emiliano', NULL, 'agustingimenez889@gmail.com', 2, NULL),
(27, 'Gonzalez Priscila Iara', NULL, 'priscilaiaragonzalez@gmail.com', 2, NULL),
(28, 'Gordillo Huallpa Mara Natali', NULL, 'mara_gordilloh@live.com.ar', 2, NULL),
(29, 'Ibarra  Luciana Micaela', NULL, 'luciana.m.ibarra@gmail.com', 2, NULL),
(30, 'Lopez sofia magali', NULL, 'Lsofia401@gmail.com', 2, NULL),
(31, 'Maldonado Eliana', NULL, 'elimaldonado137@gmail.com', 2, NULL),
(32, 'Maley  Romina Elizabeth', NULL, 'romismaley@gmail.com', 2, NULL),
(33, 'Mallarino Aguilar Lilian Marlene', NULL, 'marleneaguilar717@gmail.com', 2, NULL),
(34, 'Mancuelllo  Nahuel', NULL, 'nahuelmancuello2000@gmail.com', 2, NULL),
(35, 'Martinez Andres Sebastian', NULL, 'andressmartinez826@gmail.com', 2, NULL),
(36, 'Melody Leila, Abril Coria', NULL, 'Coriamelody26@gmail.com', 2, NULL),
(37, 'Mendez Gabriel Alejandro', NULL, 'mendezgabrielalejandro8@gmail.com', 2, NULL),
(38, 'Miño Haydee Alejandra', NULL, 'alejandramino36@gmail.com', 2, NULL),
(39, 'Modrego Evelyn Gabriela', NULL, 'Modregoevelyn@gmail.com', 2, NULL),
(40, 'Monzón Hernandez Ingrid Anahí', NULL, 'ingrid.monzon2003@gmail.com', 2, NULL),
(41, 'Nahuel Joaquín Duarte', NULL, 'Nahueljduarte.njd@gmail.com', 2, NULL),
(42, 'Natale jorge luis', NULL, 'Jnatale781@ gmail.com', 2, NULL),
(43, 'Ontivero Nahir Ayelén', NULL, 'nahirontivero0909@gmail.com', 2, NULL),
(44, 'Palmieri Veronica Beatriz', NULL, 'wm7799@gmail.com', 2, NULL),
(45, 'Ponce Maria Belen', NULL, 'poncebelen75@gmail.com', 2, NULL),
(46, 'Porras Paucar Fabricio Nahuel', NULL, 'Fabricioporras20@outlook.com.ar', 2, NULL),
(47, 'Quintana Lucas', NULL, 'quintanalucas391@gmail.com', 2, NULL),
(48, 'Quiñones Natalin Yesica', NULL, 'Ye_kev@hotmail.com', 2, NULL),
(49, 'Quiñonez Yesica Mariel', NULL, 'yesicaquinonez@outlook.es', 2, NULL),
(50, 'Racig Claudia Marcela', NULL, 'clauracig@gmail.com', 2, NULL),
(51, 'Ramirez Rita Analia', NULL, 'analiaramirez281@gmail.com', 2, NULL),
(52, 'Razzai Karina Alejandra', NULL, 'lautytahiel18@gmail.com', 2, NULL),
(53, 'Ribotta Diaz Luciana Inés', NULL, 'bellaespuma22@gmail.com', 2, NULL),
(54, 'Salvatierra Nicole', NULL, 'Nicolesalvatierra01@gmail.com', 2, NULL),
(55, 'Sanchez Maria Belinda', NULL, 'Sanchezbelinda335@gmail.com', 2, NULL),
(56, 'Suarez Soto Leila Agustina', NULL, 'agustinasoto01@gmail.com', 2, NULL),
(57, 'Suarez Tatiana', NULL, 'Tatu39862@gmail.com', 2, NULL),
(58, 'Tamara Ayelen Barrios', NULL, 'tamaraayelen.tb@gmail.com', 2, NULL),
(59, 'Toledo Giselle Ilve', NULL, 'giselletoledo9@gmail.com', 2, NULL),
(60, 'Aguiar Elias  Franco', NULL, 'fran420aguiar@gmail.com', 2, NULL),
(61, 'Alfaro Luis Eduardo', NULL, 'edutango69@gmail.com', 2, NULL),
(62, 'Alfaro Daniel Antonio', NULL, 'Danyalfarito1999@gmail.com', 2, NULL),
(63, 'Alleindes Natalin Ana', NULL, 'Laspaisanas_8@hotmail.com', 2, NULL),
(64, 'Arango Zapata Daniel Alejandro', NULL, 'daniel.arango19@gmail.com', 2, NULL),
(65, 'Ayala Zamudio Karen', NULL, 'Karen.ayalaz32@gmail.com', 2, NULL),
(66, 'Barraza Talia Maira', NULL, 'Talia.m.barraza@gmail.com', 2, NULL),
(67, 'Beraldi juan jose', NULL, 'Beraldiyberaldi2@gmail.com', 2, NULL),
(68, 'Blanco Reyes Soledad Zulema', NULL, 'Sool19br@gmail.com', 2, NULL),
(69, 'Caceres Gonzalo', NULL, 'caceresgonzii@gmail.com', 2, NULL),
(70, 'Camacho Nara Agustina', NULL, 'naracamacho013@gmail.com', 2, NULL),
(71, 'Cambon Denisse Michelle', NULL, 'denissemichelle05@gmail.com', 2, NULL),
(72, 'Cañumil Albornoz Nicolas', NULL, 'canumilalbornoz@hotmail.com', 2, NULL),
(73, 'Carisimo Salinas Dana Micaela', NULL, 'danusalinas97@gmail.com', 2, NULL),
(74, 'Castelao Leonel Ezequiel', NULL, 'leonel.ezequiel.castelao.56@gmail.com', 2, NULL),
(75, 'Castillo Hugo', NULL, 'hugocastillofeli@gmail.com', 2, NULL),
(76, 'Chavez Carla Yamila', NULL, 'yammy301.47ste@gmail.com', 2, NULL),
(77, 'Da graca Gabriela Alejandra', NULL, 'gdagraca575@gmail.com', 2, NULL),
(78, 'Fazzalari Sebastian Alfredo', NULL, 'Sebastian.Fazzalari@gmail.com', 2, NULL),
(79, 'Fernandez Milagros Soledad', NULL, 'milagrosfer24@gmail.com', 2, NULL),
(80, 'Fernández Franco Agustin', NULL, 'Agustiinf264@gmail.com', 2, NULL),
(81, 'Figueroa Sebastian Enrique', NULL, 'sebasargentino1980@gmail.com', 2, NULL),
(82, 'Gauna Mauricio Daniel', NULL, 'gauna0403@gmail.com', 2, NULL),
(83, 'Gómez Milagros Mercedes', NULL, 'Miliigomez27@gmail.com', 2, NULL),
(84, 'Gomez Pablo Alberto Sebastian', NULL, 'pablosebastian19802103@gmail.com', 2, NULL),
(85, 'Gonzalez Cesar Ignacio', NULL, 'ig0496324@gmail.com', 2, NULL),
(86, 'Insaurralde Reyes Lucia Milagros', NULL, 'Insaurralde021@gmail.com', 2, NULL),
(87, 'Leroyer Alejandra Mabel', NULL, 'aleyedu97@gmail.com', 2, NULL),
(88, 'Lozano Carlos Damián', NULL, 'damian.cdl.02@gmail.com', 2, NULL),
(89, 'Maggio Nuñez Juliana Agustina', NULL, 'maggiojuliana.n@gmail.com', 2, NULL),
(90, 'Maria Alejandra', NULL, 'Maruumillsbiebs@gmail.com', 2, NULL),
(91, 'Martinez Lorena Marina', NULL, 'marina2222010@gmail.com', 2, NULL),
(92, 'Martinez DuarteDaiana Elizabeth', NULL, 'daiana.martz670@gmail.com', 2, NULL),
(93, 'Medina Tomas Ezequiel', NULL, 'martinmauriciomedina@gmail.com', 2, NULL),
(94, 'Oliva Magali Sofia', NULL, 'Olimaga98@gmail.com', 2, NULL),
(95, 'Olivares Anahi Soledad', NULL, 'anahi.olivares19@gmail.com', 2, NULL),
(96, 'Olivieri Brisa Daniela', NULL, 'brisa02daniela@gmail.com', 2, NULL),
(97, 'Orellano Julieta Maite', NULL, 'maitesg02@gmail.com', 2, NULL),
(98, 'Palomeque Nadia Nahir', NULL, 'nadiapalomeque9@gmail.com', 2, NULL),
(99, 'Pérez Tomas Joaquín', NULL, 'pereztomas425@gmail.com', 2, NULL),
(100, 'Perez Carlos Alberto', NULL, 'carlosalbertoperezbosco@hotmail.com', 2, NULL),
(101, 'Portal Paola Beatriz', NULL, 'Portalpaola3@gmail.com', 2, NULL),
(102, 'Ramirez Rocio Antonella', NULL, 'Rociii443@gmail.com', 2, NULL),
(103, 'Rivas María Jose', NULL, 'majorivas54@gmail.com', 2, NULL),
(104, 'Rodriguez  Ariadna', NULL, 'Rodriguezariadna61@gmail.com', 2, NULL),
(105, 'Rodriguez Magali Aylen', NULL, 'magaliaylenr.18@gmail.com', 2, NULL),
(106, 'Rodriguez Aylen Micaela', NULL, 'aylenrodriguez46@gmail.com', 2, NULL),
(107, 'Rodriguez Gustavo Damián', NULL, 'Soy.gustavo@hotmail.com', 2, NULL),
(108, 'Rolon Irala Milagros Maria Florencia', NULL, 'milagrosrolon43@hotmail.com', 2, NULL),
(109, 'Romeo Elsa Margarita', NULL, 'elsamargaritaromeo@hotmail.com', 2, NULL),
(110, 'Rosa Matias Ramon', NULL, 'matiasrosa1996@gmail.com', 2, NULL),
(111, 'Ruiz Ponce Leandro', NULL, 'lean5ruizponce@gmail.com', 2, NULL),
(112, 'Ruiz Aldana Yanet', NULL, 'aldanaruiz984@gmail.com', 2, NULL),
(113, 'Saettone Cecilio Gaspar', NULL, 'gasparov28@gmail.com', 2, NULL),
(114, 'Silva Fatima Leticia', NULL, 'Fatyysilva17@gmail.com', 2, NULL),
(115, 'Silvero Alan Nahuel', NULL, 'Nahuelsilvero893@gmail.com', 2, NULL),
(116, 'Sosa Silvia liliana', NULL, 'slilidana@gmail.com', 2, NULL),
(117, 'Souza Camila Noelia', NULL, 'Camilasf018@gmail.com', 2, NULL),
(118, 'Suarez Lourdes Abigail', NULL, 'suarezabigail174@gmail.com', 2, NULL),
(119, 'Taramelli Ana Paula', NULL, 'paau.taramelli18@gmail.com', 2, NULL),
(120, 'Tari María Elizabeth', NULL, 'tarimaria39@gmail.com', 2, NULL),
(121, 'Tserahian Claudio Javier', NULL, 'claja.chunic@gmail.com', 2, NULL),
(122, 'Varas Young Tomas', NULL, 'varasyoungte.01@gmail.com', 2, NULL),
(123, 'Vicini Franco', NULL, '98vicini@gmail.com', 2, NULL),
(124, 'Vietri Noelia Ayelen', NULL, 'Vietri6488@gmail.com', 2, NULL),
(125, 'Villareal Ana Guadalupe', NULL, 'villarealguadalupe.pa@gmail.com', 2, NULL),
(126, 'Villaverde yamila', NULL, 'yamila.villaverde95@outlook.com', 2, NULL),
(127, 'Yñiguez Sofia Belen', NULL, 'Sophie96@hotmail.es', 2, NULL),
(128, 'Alegre Daiana Raquel', NULL, 'daiigere13@gnail.com', 2, NULL),
(129, 'Almada Santiago', NULL, 'Santialm30.06@gmail.com', 2, NULL),
(130, 'Alvarez Pablo Jose', NULL, 'pablojose0947@gmail.com', 2, NULL),
(131, 'Andrada Ludmila Oriana', NULL, 'gmzzludmila868@gmail.com', 2, NULL),
(132, 'Barbas German Alejandro', NULL, 'barbasgerman@hotmail.com', 2, NULL),
(133, 'Barrios Santiago Agustin', NULL, 'Agustin.barrios.2308@gmail.com', 2, NULL),
(134, 'Bogs Claudio', NULL, 'bogsinfo@gmail.com', 2, NULL),
(135, 'Cardozo Camila Ayelen.', NULL, 'camilaayelencardozo@outlook.es', 2, NULL),
(136, 'Ceriani Florencia Abril', NULL, 'florenciaceriani19@gmail.com', 2, NULL),
(137, 'Chamorro Agustina Milagros', NULL, 'aguschamoorro20@gmail.com', 2, NULL),
(138, 'Ciceri Sebastian Andres', NULL, 'Sebastianandres.ciceri@gmail.com', 2, NULL),
(139, 'Conte Jonatan', NULL, 'jona-cja89@hotmail.com', 2, NULL),
(140, 'Coppa Ariel Alberto', NULL, 'arielcoppa@gmail.com', 2, NULL),
(141, 'Daiana Raquel Alegre', NULL, 'daiigere13@gmail.com', 2, NULL),
(142, 'Doglio Brenda Siomara', NULL, 'esmerylauty@hotmail.com', 2, NULL),
(143, 'Gil Stefania Noemí', NULL, 'stefigil17@gmail.com', 2, NULL),
(144, 'Guzmán Noeli Eliana', NULL, 'noe.elianaguzman@gmail.com', 2, NULL),
(145, 'Hernández Ludmila', NULL, 'ludmilahernandez58@gmail.com', 2, NULL),
(146, 'Iñiguez Gonzalo Ariel', NULL, 'iñiguezgonzalo34@gmail.com', 2, NULL),
(147, 'Juarez Russo Cecilia Mailen', NULL, 'ceci.russo99@gmail.com', 2, NULL),
(148, 'Lago Matias Javier', NULL, 'matiaslago2002@gmail.com', 2, NULL),
(149, 'Lascano Agustina Jazmín', NULL, 'Lascanoagus@gmail.com', 2, NULL),
(150, 'Lescano Lidia del Valle', NULL, 'lidia_lescano@hotmail.com', 2, NULL),
(151, 'Lucik Juan Ignacio', NULL, 'juanilucik@gmail.com', 2, NULL),
(152, 'Mallarino Aguilar Agustina Ailen', NULL, 'mallarinoagustina4@gmail.com', 2, NULL),
(153, 'Martínez Víctor Martin', NULL, 'martin.martinez73@gmail.com', 2, NULL),
(154, 'Merlo Romina Milagros', NULL, 'Merloromina3@gmail.com', 2, NULL),
(155, 'Moyano Melina Anahi', NULL, 'melina.anahi.moyano98@gmail.com', 2, NULL),
(156, 'Nuñez Jorge Andrés', NULL, 'an856986@gmail.com', 2, NULL),
(157, 'Ocampo Analia', NULL, 'OCAMPOANALIA2@GMAIL.COM', 2, NULL),
(158, 'Olivera Gonzalo Ezequiel', NULL, 'gonzaloolivera600@gmail.com', 2, NULL),
(159, 'Oncebay Hurtado Maria Celinda', NULL, 'maria.oncebay64@gmail.com', 2, NULL),
(160, 'Onetto Sara', NULL, 'sara.onetto@hotmail.com', 2, NULL),
(161, 'Palù Damiàn Andrès', NULL, '2103natydami@gmail.com', 2, NULL),
(162, 'Pare Camila Rocio', NULL, 'camirociopare@gmail.com', 2, NULL),
(163, 'Peralta Kiersz Rosa Carolina', NULL, 'rosaperaltakiersz@gmail.com', 2, NULL),
(164, 'Pereyra Carlos Hernan', NULL, 'karlitos.pereyra@gmail.com', 2, NULL),
(165, 'Pérez Díaz Santiago', NULL, 'Pitoon_9@outlook.com', 2, NULL),
(166, 'Pesamosca Federico Alejandro', NULL, 'federico.pesamosca@hotmail.com', 2, NULL),
(167, 'Ponce Gonzalo Nahuel', NULL, 'gonzaloponcenahuel@gmail.com', 2, NULL),
(168, 'Rivarola Josefina Quillen', NULL, 'josefinarivarolaqr@gmail.com', 2, NULL),
(169, 'Rivera Pardo Lourdes Pamela', NULL, 'riverapardolourdes@gmail.com', 2, NULL),
(170, 'Rivero Oriana Jacqueline', NULL, 'orianarivero1@gmail.com', 2, NULL),
(171, 'Rodriguez Aylen Micaela', NULL, 'aylenrodriguez46@gmail.com', 2, NULL),
(172, 'Rojas Lucas Fabian', NULL, 'lucasrojas@live.com.ar', 2, NULL),
(173, 'Sabao Enzo Javier', NULL, 'EnzoSabaoJavier@outlook.com', 2, NULL),
(174, 'Salas Sonia Daniela', NULL, 'megaplaytesuri@gmail.com', 2, NULL),
(175, 'Santacruz Velázquez María Belén', NULL, 'santacruzbelen43@gmail.com', 2, NULL),
(176, 'Silva Camila', NULL, 'camz9773@gmail.com', 2, NULL),
(177, 'Soria Carlos Alberto', NULL, 'carlosalbertoxtz250@gmail.com', 2, NULL),
(178, 'Sosa Julieta Alejandra', NULL, 'julieta.sosatb@gmail.com', 2, NULL),
(179, 'Sottaz Graciela Alejandra', NULL, 'sottazale@gmail.com', 2, NULL),
(180, 'Suarez Claudio Fabian', NULL, 'suarezclaudio952@gmail.com', 2, NULL),
(181, 'Torres Marisol', NULL, 'marisolt536@gmail.com', 2, NULL),
(182, 'Valdez Camila julia', NULL, 'camiemma0@gmail.com', 2, NULL),
(183, 'Valdéz Gisela Edith', NULL, 'Valdezgiselaedith@gmail.com', 2, NULL),
(184, 'Vega Aldana Florencia', NULL, 'florencia.93@hotmail.es', 2, NULL),
(185, 'Velazque Kevin Sebastian', NULL, 'mrgildedbunny@gmail.com', 2, NULL),
(186, 'Verdun Flecha Adriana Rocío', NULL, 'adrianaverdun1404@gmail.com', 2, NULL),
(187, 'Ybasca Erika Romina', NULL, 'rominaybasca@hotmail.com', 2, NULL),
(188, 'Alarcon Ivan', NULL, 'ivanalrcon12@gmail.com', 2, NULL),
(189, 'Albornoz Fabiana Noemi', NULL, 'fabianaalbornoz69@gmail.com', 2, NULL),
(190, 'Albornoz Rocio Victoria', NULL, 'Rociovictoriaa1@hotmail.com', 2, NULL),
(191, 'Bargas Nahir Iara Milagros', NULL, 'milibargas87@gmail.com', 2, NULL),
(192, 'Barreto Buzzi Federico', NULL, 'Fedeeltanito@hotmail.com', 2, NULL),
(193, 'Cheres Milagros Elizabeth', NULL, 'milagroscheres@gmail.com', 2, NULL),
(194, 'Coppola Francisco Martin', NULL, 'maximo23882008@gmail.com', 2, NULL),
(195, 'Cordoba Erica Vanesa', NULL, 'erica.cordoba@outlook.com', 2, NULL),
(196, 'Cutillo Daiana Belén', NULL, 'Daia_nita@live.com.ar', 2, NULL),
(197, 'Da Luz Fernando Ivan', NULL, 'ferdaluz97@gmail.com', 2, NULL),
(198, 'Daffada Agustín', NULL, 'montano.fv@gmail.com', 2, NULL),
(199, 'Dibiazo Evelyn Johanna', NULL, 'evee_dz@hotmail.com', 2, NULL),
(200, 'Eco Diego Alejandro', NULL, 'diegoalejandroeco@gmail.com', 2, NULL),
(201, 'Gomez Camila Eliana', NULL, 'camilatyronegomez@outlook.es', 2, NULL),
(202, 'Gomez Nahuel Miguel', NULL, 'gomez.nahuel.miguel999@gmail.com', 2, NULL),
(203, 'Lazarte Gonzalo Adrián', NULL, 'gonzalo.lazarte.19@gmail.com', 2, NULL),
(204, 'Ludueña Aldana', NULL, 'aldanaayelen882@gmail.com', 2, NULL),
(205, 'Morales Agnece', NULL, 'morales.agnece@gmail.com', 2, NULL),
(206, 'Obregon Yamila Yanet', NULL, 'Yamii.obregon.2196@gmail.com', 2, NULL),
(207, 'Palavecino Laura Tatiana', NULL, 'Lauratatiana_2014@hotmail.com', 2, NULL),
(208, 'Pérez  Agustín Iván', NULL, 'agus.maguii11@gmail.com', 2, NULL),
(209, 'Pérez Ayelen Isabel', NULL, 'ayelenip@live.com', 2, NULL),
(210, 'Quiñones Natalin Yesica', NULL, 'Ye_kev@hotmail.com', 2, NULL),
(211, 'Ramirez Bernal Alberto Camilo', NULL, 'albertocamilo633@gmail.com', 2, NULL),
(212, 'Rey Peralta Candela', NULL, 'candereyperalta@gmail.com', 2, NULL),
(213, 'Romero Ivana Elizabeth', NULL, 'Ivana.romero@hotmail.com.ar', 2, NULL),
(214, 'Sanchez Azul De Los Milagros', NULL, 'azul_sannchez28@hotmail.com', 2, NULL),
(215, 'Segovia Natalia Rita Del Valle', NULL, 'Cirojeremias31@gmail.com', 2, NULL),
(216, 'Taboada Viviana Beatriz', NULL, 'taboada-viviana@hotmail.com', 2, NULL),
(217, 'Trossarello Martín Nicolás', NULL, 'Trossa_14@hotmail.com', 2, NULL),
(218, 'Tumbarello Analia Vanina', NULL, 'tumbarelloanalia@gmail.com', 2, NULL),
(219, 'Acosta Fernando Gabriel', NULL, 'Fernando.g.acosta93@gmail.com', 2, NULL),
(220, 'Agama Aguinaga Aarón', NULL, 'aaronagama@hotmail.com', 2, NULL),
(221, 'Aranda María Lourdes', NULL, 'lourdesaranda20@gmail.com', 2, NULL),
(222, 'Beltran Federico Ariel', NULL, 'federicobeltran46@gmail.com', 2, NULL),
(223, 'Carmona Sette Marcos Salvador', NULL, 'marcossalvador017@gmail.com', 2, NULL),
(224, 'Diomede Nicolas Alejandro', NULL, 'nicolasdiomede2017@gmail.com', 2, NULL),
(225, 'Escobar Miguel Alberto', NULL, 'mike_esco85@hotmail.com', 2, NULL),
(226, 'Farias Gabriel Alejandro', NULL, 'g-a-farias@hotmail.com', 2, NULL),
(227, 'Fernandez Carolina Del Carmen', NULL, 'carofernandez1510@gmail.com', 2, NULL),
(228, 'Fernández Franco Agustin', NULL, 'Agustiinf264@gmail.com', 2, NULL),
(229, 'Flores Antonella Abigail', NULL, 'Antonella99Flores@gmail.com', 2, NULL),
(230, 'Franco Camila Anahí', NULL, 'camilafranco939@gmail.com', 2, NULL),
(231, 'Fryda Claudia', NULL, 'frydaclau@gmail.com', 2, NULL),
(232, 'Loto Guzmán Ana Laura', NULL, 'Anala1234@gmail.com', 2, NULL),
(233, 'Marchiori Maria Victoria', NULL, 'marchiori.v.m@hotmail.com', 2, NULL),
(234, 'Mastronardi Esteban Yani', NULL, 'Estebanmastronardi5@gmail.com', 2, NULL),
(235, 'Medina Jonathan', NULL, 'jonymedina2408@hotmail.com', 2, NULL),
(236, 'Oliva Alan Alexis', NULL, 'alanoliva3@hotmail.com', 2, NULL),
(237, 'Olivares Delgado Leonardo Patricio', NULL, 'leoolivares918@gmail.com', 2, NULL),
(238, 'Palacios Daiana', NULL, 'D.yanet.palacios@gmail.com', 2, NULL),
(239, 'Perez Carla Fabiana', NULL, 'Carlyfe@hotmail.com', 2, NULL),
(240, 'Pesamosca Patricio', NULL, 'patricioluispesamosca@gmail.com', 2, NULL),
(241, 'Sanchez Camila Ailen', NULL, 'Camiila.ailen96@gmail.com', 2, NULL),
(242, 'Sánchez Juan Manuel', NULL, 'sanjuantrapos@gmail.com', 2, NULL),
(243, 'Torres Ana Laura', NULL, 'analauratorres_94@hotmail.com', 2, NULL),
(244, 'Trejo Daniel', NULL, 'danieltrejo25@hotmail.com', 2, NULL),
(245, 'Villarruel Débora Yamila', NULL, 'yvillarruel83@gmail.com', 2, NULL),
(246, 'Almaras Romina Milagros', NULL, 'Romialmaras99@gmail.com', 2, NULL),
(247, 'Baleroski Carlos', NULL, 'cbaleroski@gmail.com', 2, NULL),
(248, 'Benitez Isaias Joel', NULL, 'Joel_de38@hotmail.com', 2, NULL),
(249, 'Caballero Emilio Rubén Darío', NULL, 'caballeroemilio061@gmail.com', 2, NULL),
(250, 'Castillo Federico Alejandro', NULL, 'ffedecastillo1992@gmail.com', 2, NULL),
(251, 'Chaile Sergio Benjamín', NULL, 'benjachaile@gmail.com', 2, NULL),
(252, 'Chañal Enzo  Emiliano', NULL, 'chanal.enzo.em@gmail.com', 2, NULL),
(253, 'Chañal Luciano Iván', NULL, 'lucianch00@gmail.com', 2, NULL),
(254, 'Chañal Melina Camila', NULL, 'Melinach.melinach@gmail.com', 2, NULL),
(255, 'Correa Silvia Silvina', NULL, 'Corresilvy94@gmail.com', 2, NULL),
(256, 'Cragno Luciano Nicolas', NULL, 'lucianocragno@hotmail.com', 2, NULL),
(257, 'Duarte Magdalena', NULL, 'magdalena.duarte17@gmail.com', 2, NULL),
(258, 'Flores Oncebay Mary Lu Dagne', NULL, 'Flores.marydagne@gmail.com', 2, NULL),
(259, 'Giménez Díaz Iván Jesús', NULL, 'ivangimenez696@gmail.com', 2, NULL),
(260, 'Gomez Julio Francisco Santiago', NULL, 'Juliofranciscosantiago@outloo.com', 2, NULL),
(261, 'Lencina Braian Ezequiel', NULL, 'brian.lencina@hotmail.com', 2, NULL),
(262, 'Mansilla Jesica Tamara', NULL, 'jesimansilla90@gmail.com', 2, NULL),
(263, 'Mendia Soliz Gustavo Gungadin', NULL, 'gusta360@hotmail.com.ar', 2, NULL),
(264, 'Moreno Jonathan Manuel', NULL, 'Jonathan10.03.1995@gmail.com', 2, NULL),
(265, 'Muñoz Agustina Celeste', NULL, 'aguscelestem@gmail.com', 2, NULL),
(266, 'Penayo Alba Rocio', NULL, 'rocipenayo28@gmail.com', 2, NULL),
(267, 'Pereyra Carlos Hernan', NULL, 'karlitos.pereyra@gmail.com', 2, NULL),
(268, 'Rodriguez Claudio Ernesto', NULL, 'dragonkm38@gmail.com', 2, NULL),
(269, 'Rodriguez Pablo Israel', NULL, 'Pablo-9310_@hotmail.com', 2, NULL),
(270, 'Rodríguez Renzo Franco', NULL, 'renzofrancorodriguez08@gmail.com', 2, NULL),
(271, 'Suarez Sofia Antonella', NULL, 'so_antonella@live.com', 2, NULL),
(272, 'Torres Barbara Daiana', NULL, 'B.daianatorres@gmail.com', 2, NULL),
(273, 'Veisaga Abigail', NULL, 'rakel_aby99@hotmail.com', 2, NULL),
(274, 'Balboa Agustina Belén', NULL, 'agustinabalboa98@gmail.com', 5, '55000000'),
(275, 'Basualdo Adrian David', NULL, 'dheivid.b.a@gmail.com', 5, NULL),
(276, 'Belén Daiana Micaela', NULL, 'xdaiuxx@gmail.com', 5, NULL),
(277, 'Benitez Nidia Laura', NULL, 'nid21.24@hotmail.com', 5, NULL),
(278, 'Benitez Pamela Jazmín', NULL, 'pamelabenitez0023@gmail.com', 5, NULL),
(279, 'Biondi Cecilia Débora Carolina', NULL, 'biondi.cec@gmail.com', 5, NULL),
(280, 'Borona Florencia Lucia', NULL, 'florborona16@gmail.com', 5, NULL),
(281, 'Britez Daiana Elizabeth', NULL, 'daiana.britez@hotmail.com', 5, NULL),
(282, 'Cabral Eliana Rocio', NULL, 'Eluu300@gmail.com', 5, NULL),
(283, 'Carvallo Lynda', NULL, 'carvallolynda@gmail.com', 5, NULL),
(284, 'Casal Lucia Nicole', NULL, 'lcasal472@gmail.com', 5, NULL),
(285, 'Castillo Erica Mailén', NULL, 'castilloericamailen@gmail.com', 5, NULL),
(286, 'Castro Andrea fabiana', NULL, 'andreacastro1481@gmail.com', 5, NULL),
(287, 'Cordoba Iara Lucia', NULL, 'iaraluciacordoba@gmail.com', 5, NULL),
(288, 'Coronel Franco Agustin', NULL, 'coronelagustin204@gmail.com', 5, NULL),
(289, 'Daniele Lourdes Candela Azul', NULL, 'candeladaniele21@gmail.com', 5, NULL),
(290, 'Diez Rocio Lorena', NULL, 'rociolorena@outlook.com', 5, NULL),
(291, 'Duarte Mauro Antonio', NULL, 'mauroduarte6009@gmail.com', 5, NULL),
(292, 'Ertola Brenda Ayelen', NULL, 'Brendaertola@gmail.com', 5, NULL),
(293, 'Espinoza Ana Lucia', NULL, 'analuciaespinoza365@gmail.com', 5, NULL),
(294, 'Falcon Joana Natali', NULL, 'joafalcon16@gmail.com', 5, NULL),
(295, 'Fernandez Estefania', NULL, 'teef.fernandez@gmail.com', 5, NULL),
(296, 'Ferreyra Solana Manuela', NULL, 'Sollferreyra@gmail.com', 5, NULL),
(297, 'Fucaraccio Daniela Denise', NULL, 'denissefucaraccio07@hotmail.com', 5, NULL),
(298, 'Gallo  Camila Agustina', NULL, 'camigallo.pr@gmail.com', 5, NULL),
(299, 'Gamboa Milagros Isabel', NULL, 'milagrosgamboa01@gmail.com', 5, NULL),
(300, 'Gomez Carla Florencia', NULL, 'Totti.carla70@gmail.com', 5, NULL),
(301, 'Hunt Laura Gabriela', NULL, 'Lauragabriela1991@hotmail.com', 5, NULL),
(302, 'Ibalos Mariana Antonela', NULL, 'mariana.ibalos97@gmail.com', 5, NULL),
(303, 'Juarez Romina', NULL, 'Rominajuarez93@hotmail.com', 5, NULL),
(304, 'Juarez Gabriela Alejandra', NULL, 'gabjuarez1412@gmail.com', 5, NULL),
(305, 'Ledesma Ariana', NULL, 'arianledesm070gmail.com', 5, NULL),
(306, 'Llanes Yazmin Nazarena', NULL, 'yazminllanes1@gmail.com', 5, NULL),
(307, 'Lopez Wendy Giselle', NULL, 'wendygisellelopez@hotmail.com', 5, NULL),
(308, 'Maldonado María Luz', NULL, 'Luzmaldonado2805@gmail.com', 5, NULL),
(309, 'Mansilla Liliana Magali', NULL, 'magamansilla2020@gmail.com', 5, NULL),
(310, 'Mansilla Milagros Ailen', NULL, 'amapolasisabella@gmail.com', 5, NULL),
(311, 'Mendez Maria Victoria', NULL, 'mendezmariavictoria6@gmail.com', 5, NULL),
(312, 'Mendia Soliz Laura Semiramis', NULL, 'Semyramis696@gmail.com', 5, NULL),
(313, 'Mendoza Yael Anahí', NULL, 'yaelmendoza09@gmail.com', 5, NULL),
(314, 'Moorlag Debora Estefania', NULL, 'debomoorlag@gmail.com', 5, NULL),
(315, 'Mora Yesica', NULL, 'mora.yesica.j@gmail.com', 5, NULL),
(316, 'Morales Carla Giulianna', NULL, 'giulimorales48@gmail.com', 5, NULL),
(317, 'Morales Lizárraga Agustin', NULL, 'aguusa7x@hotmail.com', 5, NULL),
(318, 'Morales Rocio Ailen', NULL, 'Moralesram99@gmail.com', 5, NULL),
(319, 'Ostertag Firmapaz Lucrecia Giselle', NULL, 'gisellefirmapaz@gmail.com', 5, NULL),
(320, 'Paez Cristina Elizabeth', NULL, 'Cris.paez39@gmail.com', 5, NULL),
(321, 'Palavecino Barbara Soledad', NULL, 'Barbiesol21@gmail.com', 5, NULL),
(322, 'Paz Karen Yamila', NULL, 'Karenyamilapaz@hotmail.com', 5, NULL),
(323, 'Pelegrines Yael Magali', NULL, 'magajbpelegrines@gmail.com', 5, NULL),
(324, 'Peralta  Micaela Natalia', NULL, 'micaelaperalta__27@hotmail.com', 5, NULL),
(325, 'Pereyra Grela Juana Jimena', NULL, 'juana_maite@hotmai.com', 5, NULL),
(326, 'Pereyra Toloza  Johanna Daniela', NULL, 'Pereyrajohanna@hotmail.com', 5, NULL),
(327, 'Regner Kevin Ariel', NULL, 'kevinregner04@gmail.com', 5, NULL),
(328, 'Rodríguez Estigarribia Sonia Angélica', NULL, 'vsonyarodriguez@gmail.com', 5, NULL),
(329, 'Rodriguez Martin Carlos Alberto', NULL, 'martu_conamor@hotmail.com', 5, NULL),
(330, 'Rojas Maira Eliana', NULL, 'mairaelianarojas@gmail.com', 5, NULL),
(331, 'Rucci Homero', NULL, 'ruccihomero26@gmail.com', 5, NULL),
(332, 'Ruiz Yesica Romina', NULL, 'ruizromina30@gmail.com', 5, NULL),
(333, 'Salinas Agustina', NULL, 'Agustinansalinas@gmail.com', 5, NULL),
(334, 'Salvatierra Camila', NULL, 'Camilaleverone.s@gmail.com', 5, NULL),
(335, 'Sánchez Ingrid Anael', NULL, 'teamo-ingridsanchez@hotmail.com', 5, NULL),
(336, 'Sanchez Loreley Abigail', NULL, 'abigailori31@gmail.com', 5, NULL),
(337, 'Santillan maria lorena', NULL, 'Samuel030705@gmail.com', 5, NULL),
(338, 'Silva Sanchez Florencia Aylén', NULL, 'Silvasanchez.florencia@gmail.com', 5, NULL),
(339, 'Silva  Ayelen Andrea', NULL, 'Ayee_silva13@hotmail.com', 5, NULL),
(340, 'Solis Alejandra Solange', NULL, 'alejandra.s.solis@hotmail.com', 5, NULL),
(341, 'Suarez Milagros Alin', NULL, 'suarez.alin99@gmail.com', 5, NULL),
(342, 'Suarez Lourdes Aymara', NULL, 'Suarezlourdes2712@gmail.com', 5, NULL),
(343, 'Torres Lorena Agostina', NULL, 'lorenatorresagostina@gmail.com', 5, NULL),
(344, 'Valdez Brian', NULL, 'brianvaldez.daniel@gmail.com', 5, NULL),
(345, 'Velazquez Federico', NULL, 'federicoodv@yahoo.com.ar', 5, NULL),
(346, 'Villa Sotelo  Candela Yazmin', NULL, 'Candelasotelo25@gmail.com', 5, NULL),
(347, 'Villalba Schornig Romina Alexandra', NULL, 'romiivillalba15@gmail.com', 5, NULL),
(348, 'Acosta Molina Facundo Nicolás', NULL, 'facundoacosta90@gmail.com', 3, '34000000'),
(349, 'Alfaro Felipe Santiago', NULL, 'felipe95.alfaro@gmail.com', 3, NULL),
(350, 'Alfonso Marianella', NULL, 'Marualfonso88@gmail.com', 3, NULL),
(351, 'Alleindes  Victor Hugo', NULL, 'alleindesv@gmail.com', 3, NULL),
(352, 'Almazana Alan Ivan', NULL, 'alanalmazana@gmail.com', 3, NULL),
(353, 'Alvarez Gonzalo Nahuel', NULL, 'alva-rez-nahu@outlook.com', 3, NULL),
(354, 'Andrada Frías Gerónimo Lautaro', NULL, 'chiche_gero@hotmail.com', 3, NULL),
(355, 'Argentini Martin', NULL, 'argentinimartin@gmail.com', 3, NULL),
(356, 'Aristegui Diego Hernan', NULL, 'daristegui@hotmail.com', 3, NULL),
(357, 'Artaza Diego Sebastian', NULL, 'diegoartaza10@gmail.com', 3, NULL),
(358, 'Artaza Jose Luis', NULL, 'jose.l.artaza@gmail.com', 3, NULL),
(359, 'Badi Sergio Norberto', NULL, 'badimix@hotmail.com', 3, NULL),
(360, 'Barboza  Rubén Clemente', NULL, 'rubenbarboza43@gmail.com', 3, NULL),
(361, 'Becker Maria Guadalupe', NULL, 'mariaguadalupe.becker@gmail.com', 3, NULL),
(362, 'Benítez Javier', NULL, 'Javii_btz@hotmail.com', 3, NULL),
(363, 'Bevilacqua Alejandro Martin', NULL, 'alejandro.bevilacqua77@gmail.com', 3, NULL),
(364, 'Blas Pedro Augusto', NULL, 'blas.pedroaugusto@gmail.com', 3, NULL),
(365, 'Brizuela Ivan Antonio', NULL, 'ivanbrizuela94@gmail.com', 3, NULL),
(366, 'Cabrera Francisco Ezequiel', NULL, 'francisco.cabrera98@hotmail.com', 3, NULL),
(367, 'Campos Leonardo Ezequiel', NULL, 'srcampos88@gmail.com', 3, NULL),
(368, 'Candia Carlos Miguel', NULL, 'candia14@gmail.com', 3, NULL),
(369, 'Capdevila Figueroa Jose Hernan', NULL, 'josehernan.cf@gmail.com', 3, NULL),
(370, 'Caprioli Agustín Ezequiel', NULL, 'baarbycaprioli@gmail.com', 3, NULL),
(371, 'Carabajal Gabriel', NULL, 'gabrielcarabajal7267@gmail.com', 3, NULL),
(372, 'Carabajal Nuria Rocío Elizabeth', NULL, 'nuriacarabajal18@hotmail.com', 3, NULL),
(373, 'Carabajal Pablo Elías', NULL, 'pablocarabajal23@gmail.com', 3, NULL),
(374, 'Castronuovo Jorge Luis', NULL, 'jorge_castronuovo@outlook.com', 3, NULL),
(375, 'Cejas Gerardo Emmanuel', NULL, 'gerardocejas90@gmail.com', 3, NULL),
(376, 'Chazarreta María Eugenia', NULL, 'euge_chft@hotmail.com', 3, NULL),
(377, 'Claros Daiana Soledad', NULL, 'daianaclaros@hotmail.com', 3, NULL),
(378, 'Cóceres Ricardo Oscar', NULL, 'rickycoceres@hotmail.com', 3, NULL),
(379, 'Colman Sebastian', NULL, 'sebastianicolman@gmail.com', 3, NULL),
(380, 'Correa Maximiliano Javier', NULL, 'maxijavier19@gmail.com', 3, NULL),
(381, 'Correa Patricia del Carmen Luján', NULL, 'lulitaa007@gmail.com', 3, NULL),
(382, 'Costante Carina Gabriela', NULL, 'carykc.43@gmail.com', 3, NULL),
(383, 'da Silveira Wanda Ivana', NULL, 'dasilveirawanda7@gmail.com', 3, NULL),
(384, 'De Los Santos Verónica', NULL, 'veroabilita@gmail.com', 3, NULL),
(385, 'Della Negra Debora Gisele', NULL, 'gisel.della.negra@hotmail.com', 3, NULL),
(386, 'Depaula Hernan Matias', NULL, 'nanu0602@gmail.com', 3, NULL),
(387, 'Di Sabato Gerardo Lujan', NULL, 'gerardodisabato@gmail.com', 3, NULL),
(388, 'Díaz Sebastián Gabriel', NULL, 'sebastian.g.diaz1604@gmail.com', 3, NULL),
(389, 'Dielschneider Favio', NULL, 'fdielschneider@gmail.com', 3, NULL),
(390, 'Enriquez  Javier Hernán', NULL, 'Enriquezjavi@gmail.com', 3, NULL),
(391, 'Escobar Jennifer Camila', NULL, 'camo.escobar.95@hotmail.com', 3, NULL),
(392, 'Esteve Viciano Nicolás', NULL, 'nicolaseviciano@gmail.com', 3, NULL),
(393, 'Farias Diaz  Agustin Gonzalo', NULL, 'agustinfariasdiaz@hotmail.com', 3, NULL),
(394, 'Fernandez David Ezequiel', NULL, 'dav.dt12@gmail.com', 3, NULL),
(395, 'Fernandez Jorge Raul', NULL, 'Jorfernandezcai@gmail.com', 3, NULL),
(396, 'Fita Kevin Santiago', NULL, 'fitakevin@gmail.com', 3, NULL),
(397, 'Flores Oncebay Daana', NULL, 'daana.flores@gmail.com', 3, NULL),
(398, 'Frias Mauro Miguel', NULL, 'mfrias96@hotmail.com', 3, NULL),
(399, 'Frias Leonardo Emmanuel', NULL, 'leonardo.e.frias@gmail.com', 3, NULL),
(400, 'Gaitán Damián Eliseo', NULL, 'gaitandamian@gmai.com', 3, NULL),
(401, 'Galán Florencia Verónica', NULL, 'Florenciaveronica1234@gmail.com', 3, NULL),
(402, 'Gallarino Lucas Nahuel', NULL, 'gallarinolucas@gmail.com', 3, NULL),
(403, 'Garcia Juliana Belen', NULL, 'garciajulianab@gmail.com', 3, NULL),
(404, 'García Mariana Belen', NULL, 'mg4788958@gmail.com', 3, NULL),
(405, 'Gibert Cecilia Elena', NULL, 'gibertcecilia@gmail.com', 3, NULL),
(406, 'Gimenez Carlos Adrian', NULL, 'adriangimenez1985@gmail.com', 3, NULL),
(407, 'Gimenez Melany Camila.', NULL, 'melanygimenez25@gmail.com', 3, NULL),
(408, 'Giurlanda, Cristian Andres', NULL, 'locura.cjs72@gmail.com', 3, NULL),
(409, 'Gonzalez Braian Ariel', NULL, 'braian14ariel@gmail.com', 3, NULL),
(410, 'Gonzalez Federico', NULL, 'Federico_sebastian03@hotmail.com', 3, NULL),
(411, 'Gonzalez Lorena Daniela', NULL, 'logonzalez_5@hotmail.com', 3, NULL),
(412, 'Gualtieri Cristian', NULL, 'Germanglu@hotmail.com', 3, NULL),
(413, 'Guerrero Iliana Denise', NULL, 'ilianaguerrero90@gmail.com', 3, NULL),
(414, 'Gusman Federico Gabriel', NULL, 'gusmanfede@hotmail.com', 3, NULL),
(415, 'Gutierrez Pedro Adrian', NULL, 'gutierrezpedroadrian@gmail.com', 3, NULL),
(416, 'Guzmán Giosvelis', NULL, 'gdvga.2@gmail.com', 3, NULL),
(417, 'Hunt Candela Lidia Soledad', NULL, 'huntsoledad5@gmail.com', 3, NULL),
(418, 'Ibañez Julieta Elisabeth', NULL, 'ibanezjulieta2019@gmail.com', 3, NULL),
(419, 'Insfran Cesar Alejandro', NULL, 'cesarinsfran2013@hotmail.com', 3, NULL),
(420, 'Kerbs Daniel Alejandro', NULL, 'kerbsdaniel6@gmail.com', 3, NULL),
(421, 'Langhe Camila Loana', NULL, 'cloanalanghe@gmail.com', 3, NULL),
(422, 'Ledesma Ruben Marcelo', NULL, 'rubenmledesma2018@gmail.com', 3, NULL),
(423, 'Leiva Mario Ariel', NULL, 'arielleiva27@gmail.com', 3, NULL),
(424, 'Lenzina Juan Manuel', NULL, 'lenzinajuan92@gmail.com', 3, NULL),
(425, 'Leon Franco Alberto', NULL, 'francoleon.fyj@gmail.com', 3, NULL),
(426, 'Leon Villalba Angela Lucia', NULL, 'leon.angelalucia@gmail.com', 3, NULL),
(427, 'Lescano Mauro Damian', NULL, 'maurodamianlescano@gmail.com', 3, NULL),
(428, 'Leveratto Lucas Geremias', NULL, 'geremiasleveratto@gmail.com', 3, NULL),
(429, 'Lezcano Juan José', NULL, 'infojuanlezcano@gmail.com', 3, NULL),
(430, 'Llacer Gustavo Carlos Daniel', NULL, 'gcdllacer@gmail.com', 3, NULL),
(431, 'Lo Re Patricio', NULL, 'patricio.lore@gmail.com', 3, NULL),
(432, 'Loto Diego Roman', NULL, 'diego10syd@gmail.com', 3, NULL),
(433, 'Lugones Adrián Alejandro', NULL, 'alugones@trf.com.ar', 3, NULL),
(434, 'Lujan Fernando Jose', NULL, 'fernandolujan1982@hotmail.com', 3, NULL),
(435, 'Luna Facundo', NULL, 'facundo105690@gmail.com', 3, NULL),
(436, 'Maciel Luis Gabriel', NULL, 'Lgmaciel07@gmail.com', 3, NULL),
(437, 'Madelo Camila Micaela', NULL, 'camila.madelo.cm@gmail.com', 3, NULL),
(438, 'Maldonado Aldana Anahi', NULL, 'aldu_97@hotmail.com', 3, NULL),
(439, 'Mancilla Federico', NULL, 'fmancilla2016@gmail.com', 3, NULL),
(440, 'Mansilla Lucas', NULL, 'lmansilla.9222@gmail.com', 3, NULL),
(441, 'Maria Eugenia Avalos', NULL, 'mariaeugeniaavalos17@hotmail.com', 3, NULL),
(442, 'Marin Leonardo', NULL, 'marin.leonardo219@gmail.com', 3, NULL),
(443, 'Medina Martin', NULL, 'martinrubenmedina@hotmail.com', 3, NULL),
(444, 'Medina Franco', NULL, 'fmedina1130@gmail.com', 3, NULL),
(445, 'Medina Yamila Agustina', NULL, 'agustinamedina414@gmail.com', 3, NULL),
(446, 'Medina Johanna Soledad', NULL, 'johasolemedina@gmail.com', 3, NULL),
(447, 'Mendez Rodolfo Javier', NULL, 'Jmendez@trf.com.ar', 3, NULL),
(448, 'Mercuri Jesus Jose', NULL, 'jesusmercuri@gmail.com', 3, NULL),
(449, 'Meza Andres Abdon', NULL, 'djandame@hotmail.com', 3, NULL),
(450, 'Nieto Diego Hernan', NULL, 'Diegohernannieto@gmail.com', 3, NULL),
(451, 'Olivera Nicolas Ezequiel', NULL, 'nicolas_olivera95@outlook.com', 3, NULL),
(452, 'Osan Federico Matias', NULL, 'fede17mo@gmail.com', 3, NULL),
(453, 'Pais Hernan Javier', NULL, 'hjpais@outlook.com', 3, NULL),
(454, 'Palacios Laura', NULL, 'loly_079@hotmail.com', 3, NULL),
(455, 'Palacios Lucas Nahuel', NULL, 'Lnp_nahuel@hotmail.com', 3, NULL),
(456, 'Pereyra Grela Juana Jimena Maite', NULL, 'juana_maite@hotmail.com', 3, NULL),
(457, 'Perez Cecilia Alejandra', NULL, 'Cecip47@gmail.com', 3, NULL),
(458, 'Pérez Maximiliano Nicolás', NULL, 'nicolasmaperez87@gmail.com', 3, NULL),
(459, 'Pintos Diego Orlando', NULL, 'diegopintos430@gmail.com', 3, NULL),
(460, 'Pocequi Leandro Anibal', NULL, 'Leanpoce@gmail.com', 3, NULL),
(461, 'Politi Alejandro', NULL, 'alejandro_politi@hotmail.com', 3, NULL),
(462, 'Ponce Karen Edith', NULL, 'karenedithponce@gmail.com', 3, NULL),
(463, 'Pozzo Enrique Nicolas', NULL, 'pozzoenrique@gmail.com', 3, NULL),
(464, 'Pulitano Adriana Lorena', NULL, 'adrianapulitano@hotmail.com', 3, NULL),
(465, 'Puyol Eliana Maribel', NULL, 'elianapuyol@gmail.com', 3, NULL),
(466, 'Quagliata Melany', NULL, 'melanyquagliatachau@gmail.com', 3, NULL),
(467, 'Quiroga Brenda Melina', NULL, 'brendamquiroga16@gmail.com', 3, NULL),
(468, 'Quiroga Juan Marcelo', NULL, 'jmquiroga@live.com.ar', 3, NULL),
(469, 'Rebolo Mario David', NULL, 'mario.rebolo@hotmail.com', 3, NULL),
(470, 'Rios Brian', NULL, 'brian1997rios@gmail.com', 3, NULL),
(471, 'Rios Cristian Maximiliano', NULL, 'Crios@dtlogistica.com.ar', 3, NULL),
(472, 'Rivas Bareiro Maria Vidalina', NULL, 'vidalinar22@gmail.com', 3, NULL),
(473, 'Roa Johanna Melisa Macarena', NULL, 'johanna.roa94@gmail.com', 3, NULL),
(474, 'Robles Segundo Rafael', NULL, 'segundorafarobles@gmail.com', 3, NULL),
(475, 'Rodrigues Andreia', NULL, 'andvickmartins@gmail.com', 3, NULL),
(476, 'Rojas Patricio', NULL, 'Patricio.r@outlook.com', 3, NULL),
(477, 'Romero Flores Adrian José', NULL, 'adrianromerof01@gmail.com', 3, NULL),
(478, 'Romero Cristopher David', NULL, 'crisromero202121@gmail.com', 3, NULL),
(479, 'Rossi Jonas Ivan Israel', NULL, 'ivanrossi5810@gmail.com', 3, NULL),
(480, 'Ruiz Julieta Macarena', NULL, 'juruiz@andreani.com', 3, NULL),
(481, 'Salinas Camila', NULL, 'salinascamila.e@gmail.com', 3, NULL),
(482, 'Sanchez Karen Rosalia', NULL, 'Karensanchez300898@gmail.com', 3, NULL),
(483, 'Sanchez Miriam Elizabeth', NULL, 'miriamsanchezlifan@gmail.com', 3, NULL),
(484, 'Sayavedra Malena Julieta', NULL, 'Sayavedramalena4@gmail.com', 3, NULL),
(485, 'Schmit Matías Agustin', NULL, 'schmitmatias526@gmail.com', 3, NULL),
(486, 'Schmunck Leandro Emmanuel', NULL, 'leandro.schmunck@hotmail.com', 3, NULL),
(487, 'Silva Paredes Juan', NULL, 'Jsilva141993@gmail.com', 3, NULL),
(488, 'Soria Ezequiel Rolando', NULL, 'ezerooll@gmail.com', 3, NULL),
(489, 'Sosa Gabriel Alejandro', NULL, 'elgaby.sosa@gmail.com', 3, NULL),
(490, 'Sosa Jonathan Ezequiel', NULL, 'ezequiellxc49@gmail.com', 3, NULL),
(491, 'Spallino  Juan Patricio', NULL, 'spallinojuan@gmail.com', 3, NULL),
(492, 'Torres Diego Orlando', NULL, 'Diegot636@gmail.com', 3, NULL),
(493, 'Trejo Cintia Andrea', NULL, 'cintiaandreatrejo@hotmail.com', 3, NULL),
(494, 'Ugarte Lucas', NULL, 'Lucas.ugarte17@gmail.com', 3, NULL),
(495, 'Valdovinos Fabrizio Tobías', NULL, 'fabriziovaldovinos162@gmail.com', 3, NULL),
(496, 'Vallejo Florencia Vanesa Alejandra', NULL, 'florchu_35@hotmail.com', 3, NULL),
(497, 'Varando Ian Andres', NULL, 'Ianvarando12@hotmail.com', 3, NULL),
(498, 'Varela Vanesa Mariel', NULL, 'vanesa.m.varela@gmail.com', 3, NULL),
(499, 'Velarde Javier Enrique', NULL, 'javier.velarde.33@gmail.com', 3, NULL),
(500, 'Velasco Ezequiel Andres', NULL, 'evltrf@gmail.com', 3, NULL),
(501, 'Villena Héctor Fabián', NULL, 'hector_villena@hotmail.com', 3, NULL),
(502, 'Vitta Yanina', NULL, 'yaninavitta@hotmail.com', 3, NULL),
(503, 'Wilvers  Florencia', NULL, 'florwilvers@hotmail.com', 3, NULL),
(504, 'Yanke Florencia Agustina', NULL, 'yankeflorenciaa@gmail.com', 3, NULL),
(505, 'Yapura  Karina', NULL, 'yapurakarina@hotmail.com', 3, NULL),
(506, 'Zurita Gabriel', NULL, 'zuritagabriel@hotmail.com', 3, NULL),
(507, 'Acosta Ariel Emiliano Ernesto', NULL, 'arielonfire97@gmail.com', 4, '44000000'),
(508, 'Agostinelli Bianca', NULL, 'Bianagostinelli@gmail.com', 4, NULL),
(509, 'Algozzino Camila Denise', NULL, 'Camila.denise.a@hotmail.com', 4, NULL),
(510, 'Alvarez Mauricio', NULL, 'Mauri_riverplate_2016@hotmail.com', 4, NULL),
(511, 'Amado María Emilia', NULL, 'eemiliamado@gmail.com', 4, NULL),
(512, 'Anriquez Tamara Agustina', NULL, 'tamara-anriquez@hotmail.com', 4, NULL),
(513, 'ArceMaria Del Rosario', NULL, 'arcemaria1649@gmail.com', 4, NULL),
(514, 'Argañin Macarena', NULL, 'macarena.arganin@gmail.com', 4, NULL),
(515, 'Asencios Trujillo Jennifer Julissa Lizeth', NULL, 'asenciosjennifer4@gmail.com', 4, NULL),
(516, 'Avellaneda Verónica Delicia', NULL, 'avedelicia6@gmail.com', 4, NULL),
(517, 'Ayala Candela Soledad', NULL, 'candeeayala99@gmail.com', 4, NULL),
(518, 'Ayala Debora Natalia', NULL, 'debora84497@gmail.com', 4, NULL),
(519, 'Barbarottebrenda ayelen', NULL, 'Bfendun66@gmail.com', 4, NULL),
(520, 'Bejarano Virginia Beatriz', NULL, 'vyckybejarano1@hotmail.com', 4, NULL),
(521, 'Bentancourt Rocio Magalí', NULL, 'rocioob2010@hotmail.com', 4, NULL),
(522, 'Blanco Mariano Andres', NULL, 'marianoblanco48@gmail.com', 4, NULL),
(523, 'Bologna Rosario Delfina', NULL, 'rosariobologna@hotmail.com.ar', 4, NULL),
(524, 'Brandan María Moira', NULL, 'm.moira.brandan@gmail.com', 4, NULL),
(525, 'Bringas Melina Micaela', NULL, 'melus14@gmail.com', 4, NULL),
(526, 'Cabrera Zela Fernando', NULL, 'fcabrera853@gmail.com', 4, NULL),
(527, 'Campos Florencia Yanina', NULL, 'Flor_camposs@hotmail.com.ar', 4, NULL),
(528, 'Cardozo Liliana Vanesa', NULL, 'Iilianacardozo1983@gmail.com', 4, NULL),
(529, 'Cassissa Florencia Natalia', NULL, 'flor_naty98@hotmail.com', 4, NULL),
(530, 'Castellano Oriana Abigail', NULL, 'weekyoriana@gmail.com', 4, NULL),
(531, 'Cejas Nair Elizabeth', NULL, 'lizabethc05@gmail.com', 4, NULL),
(532, 'Coria Fabiana Andrea', NULL, 'Fabic2585@gmail.com', 4, NULL),
(533, 'Cueva Facundo Ariel', NULL, 'cuevafacundo6@gmail.com', 4, NULL),
(534, 'Daniel Ángel Gill', NULL, 'daniel.gill.tur@gmail.com', 4, NULL),
(535, 'De lauretis Mauro Mario', NULL, 'turismoorganizadado@live.com.ar', 4, NULL),
(536, 'Demarco Daniel Ezequiel', NULL, 'danielezequiel123@gmail.com', 4, NULL),
(537, 'Díaz Camila Belén', NULL, 'camidiaz.cd@gmail.com', 4, NULL),
(538, 'Dominguez Perla Elizabeth', NULL, 'perlaadomingueez@gmail.com', 4, NULL),
(539, 'Duarte Camila Nair', NULL, 'camilanahirduarte@gmail.com', 4, NULL),
(540, 'Erdocia Nahuel Martin', NULL, 'nahuel_e91@hotmail.com', 4, NULL),
(541, 'Farias Camila Soledad', NULL, 'camilasoledad1619@gmail.com', 4, NULL),
(542, 'Fernández Almeda Natalia', NULL, 'nataliafernandezalmeda@gmail.com', 4, NULL),
(543, 'Flamenco Milagros', NULL, 'monicardo@live.com.ar', 4, NULL),
(544, 'Genito Lucía', NULL, 'luchigenito@gmail.com', 4, NULL),
(545, 'Gibilisco Mariella Belén', NULL, 'mariegibilisco1gmail.com', 4, NULL),
(546, 'Gimenez Diaz Maria Lujan', NULL, 'marialgimenezdiaz58@gmail.com', 4, NULL),
(547, 'Gimenez  Solana Soledad', NULL, 'Solana.damon.gimenez@gmail.com', 4, NULL),
(548, 'Gomez Vanesa Magali', NULL, 'gomezvanesa877@gmail.com', 4, NULL),
(549, 'Gomez Erika Belén', NULL, 'belen.gomez94@hotmail.com', 4, NULL),
(550, 'Gonzalez Blanca Elisa', NULL, 'blankha.e@hotmail.com', 4, NULL),
(551, 'Jara Sandra Lorena', NULL, 'sandra_jara74@hotmail.com', 4, NULL),
(552, 'Lara Rodrigo Leonel', NULL, 'rodrigoleonellara1@gmail.com', 4, NULL),
(553, 'Ledesma Patricia Elizabeth', NULL, 'ely.chuli10@gmail.com', 4, NULL),
(554, 'Ledesma Rosalía Isabel', NULL, 'izza2011@live.com.ar', 4, NULL),
(555, 'Lobato Franco Agustin', NULL, 'lobato.frnc@gmail.com', 4, NULL),
(556, 'Lopez Nancy Mabel', NULL, 'nancylopez1950@hotmail.com', 4, NULL),
(557, 'Lorenzo Daiana Vanesa', NULL, 'dadylorenzo@gmail.com', 4, NULL),
(558, 'Lozano Lourdes Micaela', NULL, 'lozanolourdes431@gmail.com', 4, NULL),
(559, 'Maldonado Moreno Brenda', NULL, 'brendamaldonadom@outlook.com', 4, NULL),
(560, 'Mariani Joaquín', NULL, 'Joaquinmariani30@gmail.com', 4, NULL),
(561, 'Martínez Ana Mabel', NULL, 'annmatez@hotmail.com', 4, NULL),
(562, 'Mastrolorenz  Agustina Rosario', NULL, 'agusmastrolorenzi@gmail.com', 4, NULL),
(563, 'Medina Feijóo Martina', NULL, 'mmedinafeijoo@gmail.com', 4, NULL),
(564, 'Mendoza Yael Anahi', NULL, 'yaelmendoza09@gmail.com', 4, NULL),
(565, 'Meyer Melina Beatriz', NULL, 'melina_meyer@hotmail.com', 4, NULL),
(566, 'Moran Irene Leila', NULL, 'Moranireneleila@gmail.com', 4, NULL),
(567, 'Moreira Manuel', NULL, 'manubeckmann072@gmail.com', 4, NULL),
(568, 'Nuñez Florencia Belen', NULL, 'davidnunez000@hotmail.com', 4, NULL),
(569, 'Oliva Lionel María', NULL, 'ol.rpva@gmail.com', 4, NULL),
(570, 'Palavecio Camila', NULL, 'camilapalavecino105@gmail.com', 4, NULL),
(571, 'Paletta Karina Mirian', NULL, 'karypaletta@gmail.com', 4, NULL),
(572, 'Parrucci Augusto Claudio', NULL, 'augusto.parrucci@gmail.com', 4, NULL),
(573, 'Paz Gabriela Paola', NULL, 'gaby15paz@gmail.com', 4, NULL),
(574, 'Pereyra Cristian Eduardo', NULL, 'soidelosredhot@live.com', 4, NULL),
(575, 'Peters Alejo', NULL, 'petersalejo99@gmail.com', 4, NULL),
(576, 'Pincini Aldo Angel', NULL, 'angelaldo60@gmail.com', 4, NULL),
(577, 'Quero Melissa Jeanette', NULL, 'Melissa.quero95@gmail.com', 4, NULL),
(578, 'Racig Nelda Patricia', NULL, 'nelracig@gmail.com', 4, NULL),
(579, 'Ramirez Bárbara Victoria', NULL, 'barbyvy31@gmail.com', 4, NULL),
(580, 'Ramírez Bernal María Rosa', NULL, 'Mariarb156@gmail.com', 4, NULL),
(581, 'Ramirez Camila Trinidad', NULL, 'ramirezcamilatrinidad@gmail.com', 4, NULL),
(582, 'Rebolini Bianca', NULL, 'rebolinib@gmail.com', 4, NULL),
(583, 'Robles Ashly Azucena.', NULL, 'roblesashly26@gmail.com', 4, NULL),
(584, 'Rodriguez Melanie Belén', NULL, 'rbelen884@gmail.com', 4, NULL),
(585, 'Rodriguez Melina Noelia', NULL, 'Melinarodd@gmail.com', 4, NULL),
(586, 'Rojas Daiana Nicole', NULL, 'daiana.rojas95@hotmail.com', 4, NULL),
(587, 'Ros Olveira Franco Julian', NULL, 'francojulian1999@gmail.com', 4, NULL),
(588, 'Ruiz Fabiana Romina', NULL, 'faruiz@outlook.com.ar', 4, NULL),
(589, 'Ruiz Luz Milagros', NULL, 'luzmilagros199@gmail.com', 4, NULL),
(590, 'Sahasquet Lourdes Rocio', NULL, 'lusahasquet@gmail.com', 4, NULL),
(591, 'Seoane Marcela Edith', NULL, 'marceseoane013@gmail.com', 4, NULL),
(592, 'Sturtz  Rocio Marisol', NULL, 'rociosturtzm@gmail.com', 4, NULL),
(593, 'Suarez Karina Viviana', NULL, 'karivivisuar78@gmail.com', 4, NULL),
(594, 'Taborda Mayra', NULL, 'Mayra_taborda@live.com.ar', 4, NULL),
(595, 'Tebele Magalí Tamara', NULL, 'magalitebele.09@gmail.com', 4, NULL),
(596, 'Vazquez Jenifer Janet', NULL, 'jennifervazquez020815@gmail.com', 4, NULL),
(597, 'Villarroel Nadia Florencia', NULL, 'florcjsvl25@gmail.com', 4, NULL),
(598, 'Vivas María Cristina', NULL, 'vivasibarra2@gmail.com', 4, NULL),
(599, 'Viveros  rene Gisela', NULL, 'iviveros841@gmail.com', 4, NULL),
(600, 'Zabala María Eugenia', NULL, 'Mariaeugenia_1998@hotmail.com', 4, NULL),
(601, 'Acevedo Matias Ezequiel', NULL, 'matiasacevedo049@gmail.com', 6, NULL),
(602, 'AlegreEliana Naara', NULL, 'naaraealegre@gmail.com', 6, NULL),
(603, 'Alfonzo Sofia Mariel', NULL, 'sofiamarielalfonzo2014@gmail.com', 6, NULL),
(604, 'Alonso Carolina Sofia', NULL, 'carolina.s.alonso@hotmail.com', 6, NULL),
(605, 'Alvarez Nicolás Daniel', NULL, 'curupayti1058@gmail.com', 6, NULL),
(606, 'Amarilla, Micaela Candelaria', NULL, 'micajoako97@gmail.com', 6, NULL),
(607, 'Amud Lucía Nahir', NULL, 'lucia_amud21@hotmail.com', 6, NULL),
(608, 'Anderson Ledesma Natalia Vanesa', NULL, 'natiand619@gmail.com', 6, NULL),
(609, 'Aredes Noelia Roció', NULL, 'noeliaaredes9@gmail.com', 6, NULL),
(610, 'Arellano Yanina Evangelina', NULL, 'yaninaevangelinaarellano@gmail.com', 6, NULL),
(611, 'Aybar Laura Ayelen', NULL, 'laliiaybar15@gmail.com', 6, NULL),
(612, 'Barreto Natali', NULL, 'barreto.natali92@gmail.com', 6, NULL),
(613, 'Bernardotti Cintia Elizabeth', NULL, 'cintiabernardotti@gmail.com', 6, NULL),
(614, 'Bogado Vanesa Elizabeth', NULL, 'Vanebogado52@gmail.com', 6, NULL),
(615, 'Britez Adriana', NULL, 'adribritez08@gmail.com', 6, NULL),
(616, 'Britez Daiana Micaela', NULL, 'bdaianamicaela@gmail.com', 6, NULL),
(617, 'Bustos Maria Isabel', NULL, 'mariaisabelbustos71@gmail.com', 6, NULL),
(618, 'Cabral gonzalez jimena', NULL, 'Morochalp89@gmail.com', 6, NULL),
(619, 'Cabral Noelia Johanna', NULL, 'aloncabral.15@gmail.com', 6, NULL),
(620, 'Caceres Micaela Ayelen', NULL, 'Micaela_caceres@hotmail.com', 6, NULL),
(621, 'Cajal Yesica Solange', NULL, 'yesisolange96@gmail.com', 6, NULL),
(622, 'Cajal Yesica', NULL, 'yesisolange96@gmail.com', 6, NULL),
(623, 'Cano Braian', NULL, 'braiancano95@gmail.com', 6, NULL),
(624, 'Cejas Victoria Celeste', NULL, 'vikicejas1012@gmail.com', 6, NULL),
(625, 'Chalita Aymara Solange', NULL, 'aymi.solange@gmail.com', 6, NULL),
(626, 'Clavero Mayra Soledad', NULL, 'mayclavero03@gmail.com', 6, NULL),
(627, 'Cocco Brenda', NULL, 'brencocco@hotmail.com', 6, NULL),
(628, 'Correa Julieta Rocío', NULL, 'julietayfelipito2017@gmail.com', 6, NULL),
(629, 'Curtido Silvero Antonella', NULL, 'antonellacurtido@gmail.com', 6, NULL),
(630, 'De Nicola Osvaldo Ariel', NULL, 'ariisc@hotmail.com', 6, NULL),
(631, 'Diez  Cecilia Alejandra', NULL, 'ceci.diez128@gmail.com', 6, NULL),
(632, 'Echegaray  Yanina Noemi', NULL, 'yaninaechegaray@live.com.ar', 6, NULL),
(633, 'Enrique Fernanda Belén', NULL, 'belen.enrique.38@gmail.com', 6, NULL),
(634, 'Esposito Carolina Celeste', NULL, 'xccarolina@gmail.com', 6, NULL),
(635, 'Estofan Brenda Micaela', NULL, 'brenda.estofan@gmail.com', 6, NULL),
(636, 'Figueroa Augusto Ezequiel', NULL, 'augustoezequielfigueroa@gmail.com', 6, NULL),
(637, 'Flores Micaela Yamila', NULL, 'micaflores028@gmail.com', 6, NULL),
(638, 'Floridia Nancy Daniela', NULL, 'floridianancy601@gmail.com', 6, NULL),
(639, 'Garcete Rocío Noemí', NULL, 'Rgarcete16@gmail.com', 6, NULL),
(640, 'Gauna Yésica Beatriz', NULL, 'yesigau@hotmail.com', 6, NULL),
(641, 'Ghiorzi Micaela Daiana', NULL, 'Micaelaghiorzi22@hotmail.com', 6, NULL),
(642, 'Giménez Arevalos Fátima', NULL, 'fatimaarevalogimenez@gmail.com', 6, NULL),
(643, 'Gonzalez Celeste Soledad', NULL, 'gonzalezcelestesoledad@outlook.com', 6, NULL),
(644, 'Gonzalez Nahuel', NULL, 'nahuel.millonario.07@gmail.com', 6, NULL),
(645, 'Guzman Veronica', NULL, 'Va82guzman@gmail.com', 6, NULL),
(646, 'Guzmán Laura Karina', NULL, 'karojuan@hotmail.com.ar', 6, NULL),
(647, 'Guzmán Yamil Esequiel', NULL, 'yamillguzzman@gmail.com', 6, NULL),
(648, 'Herrera Belen Anahi', NULL, 'belendylan1@gmail.com', 6, NULL),
(649, 'Herrera Pamela Alejandra', NULL, 'pamee.h@hotmail.com', 6, NULL),
(650, 'Humoffe Karen Micaela', NULL, 'karenhumoffe@gmail.com', 6, NULL),
(651, 'Lamanna Lara Yael', NULL, 'lamannalara_@hotmail.com', 6, NULL),
(652, 'Legarreta Sabrina Anabel', NULL, 'mialegarreta08@gmail.com', 6, NULL),
(653, 'Leiva Rodrigo Uriel', NULL, 'rodrigouriel2001@gmail.com', 6, NULL),
(654, 'López Melisa Marisel', NULL, 'melisa.ml.lopez@gmail.com', 6, NULL),
(655, 'Loyola Melany Gabriela', NULL, 'lulu17121996@gmail.com', 6, NULL),
(656, 'Luna Cintia Marcela', NULL, 'chuluna1983@gmail.com', 6, NULL),
(657, 'Luna Cintia Romina', NULL, 'cintia.r.luna.96@gmail.com', 6, NULL),
(658, 'Maidana Ana Laura Marilyn', NULL, 'Anamaidana52@gmail.com', 6, NULL),
(659, 'Maidana Tamara Gisele', NULL, 'tamumaidana@hotmail.com', 6, NULL),
(660, 'Mansilla Roxana Elizabeth', NULL, 'roxana.e.mansilla@gmail.com', 6, NULL),
(661, 'Marisquerena Romina Gisela', NULL, 'rominagmarisquerena@gmail.com', 6, NULL),
(662, 'Martinez Anahi', NULL, 'anahi_tec@outlook.com', 6, NULL),
(663, 'Medina Johanna Soledad', NULL, 'johannasoledad1991@gmail.com', 6, NULL),
(664, 'Medrano Pamela Magali', NULL, 'pamelamedrano031@gmail.com', 6, NULL),
(665, 'Meneses Rodas María Elena', NULL, 'mariamenesers@gmail.com', 6, NULL),
(666, 'Mercado Macarena', NULL, 'macarena.mercado1992@gmail.com', 6, NULL),
(667, 'Mercado Sonia Belen', NULL, 'Mercadosoh@gmail.com', 6, NULL),
(668, 'Morales Magali Noemi', NULL, 'moralesmagali01@gmail.com', 6, NULL),
(669, 'Murcia Tamara Noemi', NULL, 'tamii.murcia02@gmail.com', 6, NULL),
(670, 'Nagy Rita Ines', NULL, 'ritaines85@gmail.com', 6, NULL),
(671, 'Nievas Camila', NULL, 'caamilanievas@gmail.com', 6, NULL),
(672, 'Noto Cinthia', NULL, 'cinthianoto2015@gmail.com', 6, NULL),
(673, 'Ñañez Gonzalo Javier', NULL, 'gonzalo.nanez.12@gmail.com', 6, NULL),
(674, 'Obregón Candela Ayelén', NULL, 'candelaobregon26@gmail.com', 6, NULL),
(675, 'Ojeda María Belén', NULL, 'ojedabelen697@gmail.com', 6, NULL),
(676, 'Ortiz Lucero Alba Guadalupe', NULL, 'lucero.alba.ortiz@hotmail.com', 6, NULL),
(677, 'Pacheco Damian Gerardo', NULL, 'damian.pgd@gmail.com', 6, NULL),
(678, 'Paez Katherine Aylen.', NULL, 'Paezka28@gmail.com', 6, NULL),
(679, 'Paredes Lourdes', NULL, 'lourdestparedes@gmail.com', 6, NULL),
(680, 'Pavese Camila Edith', NULL, 'kaamii.pavese@gmail.com', 6, NULL);
INSERT INTO `alumno` (`al_id`, `al_nombre`, `al_tel`, `al_mail`, `id_carrera`, `al_dni`) VALUES
(681, 'Perez Maria Belen', NULL, 'perezmariabelenn@gmail.com', 6, NULL),
(682, 'Pinea Micaela', NULL, 'micapinea@gmail.com', 6, NULL),
(683, 'Pinnavaria Carla Vanesa', NULL, 'nerivalu@hotmail.com', 6, NULL),
(684, 'Quiroga Claudio Ivan', NULL, 'quirogaivanclaudio2016@gmail.com', 6, NULL),
(685, 'Ramos Silvia Marlene', NULL, 'Silviraba@gmail.com', 6, NULL),
(686, 'Ramseyer Milena Elizabeth', NULL, 'Ramseyer.milena@gmail.com', 6, NULL),
(687, 'Reinos Daiana Alejandra', NULL, 'daianareinoso1002@hotmail.com', 6, NULL),
(688, 'Ribarola Alejo Martin', NULL, 'alejoribarola@gmail.com', 6, NULL),
(689, 'Rivero Brenda Milagros', NULL, 'Nehuenlihue10@gmail.com', 6, NULL),
(690, 'Rivero Facundo Javier', NULL, 'riverofj15@gmail.com', 6, NULL),
(691, 'Rodriguez Melina', NULL, 'melinarodriguez656@gmail.com', 6, NULL),
(692, 'Rojas Iara Nicole', NULL, 'Kiary.rojas@gmail.com', 6, NULL),
(693, 'Ruíz Díaz Vanesa Karina', NULL, 'k.ruizdiaz1997@gmail.com', 6, NULL),
(694, 'Ruiz Camila Alejandra del Milagro', NULL, 'Camruiz20arg@gmail.com', 6, NULL),
(695, 'Sabrina Legarreta', NULL, 'mialegarreta08@gmail.com', 6, NULL),
(696, 'Sanabria Cintia Yanel', NULL, 'cieloyamaia@gmail.com', 6, NULL),
(697, 'Sequeira Johanna Romina', NULL, 'Sequeira_johanna@hotmail.com', 6, NULL),
(698, 'Siarez Dalma Soledad', NULL, 'siarezdalma@hotmail.com', 6, NULL),
(699, 'Silva Erica Vanesa', NULL, 'ericavsilva@hotmail.com.ar', 6, NULL),
(700, 'Silvera Cortez Jorgelina Elizabeth', NULL, 'jor.silveracortez@gmail.com', 6, NULL),
(701, 'Solis Lucas Matias', NULL, 'lucas1986talar@gmail.com', 6, NULL),
(702, 'Sosa Pablo Roberto', NULL, 'psosa9179@gmail.com', 6, NULL),
(703, 'Soto Mria Laura', NULL, 'sotodebrizuela@gmail.com', 6, NULL),
(704, 'Speciale Gerardo Jesús', NULL, 'gspeciale@trf.com.ar', 6, NULL),
(705, 'Spinelli Marina Beatriz', NULL, 'spinellimarina10@gmail.com', 6, NULL),
(706, 'Suarez Chaparro iara Nain', NULL, 'nainchaparro@gmail.com', 6, NULL),
(707, 'Taborda, Maria Celina Isabel', NULL, 'mariacelinataborda@gmail.com', 6, NULL),
(708, 'Tacón Ariel Dario', NULL, 'taconariel@gmail.com', 6, NULL),
(709, 'Toledo Escobar Milagros Belen', NULL, 'milii.toledoescobar04@gmail.com', 6, NULL),
(710, 'Torres Jonatan', NULL, 'torrejastj3771530@gmail.com', 6, NULL),
(711, 'Trejo Ángel Abel', NULL, 'angelabeltrejo@gmail.com', 6, NULL),
(712, 'Troiano Sofia Mercedes', NULL, 'sofitroiano@hotmail.com', 6, NULL),
(713, 'Valdez Geraldine Lorena', NULL, 'Geraldinelvaldez@hotmail.com', 6, NULL),
(714, 'Valdivia Luz', NULL, 'valdivialuz20@gmail.com', 6, NULL),
(715, 'Villalba', NULL, 'fer.villalba51@gmail.com', 6, NULL),
(716, 'Villarreal Brenda', NULL, 'brenda.villarreal2000@gmail.com', 6, NULL),
(717, 'Villaverde Claudia Beatriz', NULL, 'claauuuzumaki@gmail.com', 6, NULL),
(718, 'Ybarra Melisa Belen', NULL, 'belenybarra5616@gmail.com', 6, '66000000'),
(719, 'Zacarias Sofia Florencia', NULL, 'sfzacarias2@gmail.com', 6, '66000111'),
(720, 'leonardo', 1168021683, 'le@h.com', 1, '33239764');

-- --------------------------------------------------------

--
-- Estructura de tabla para la tabla `carrera`
--

CREATE TABLE `carrera` (
  `ca_id` int(11) NOT NULL,
  `ca_nombre` varchar(255) COLLATE utf8mb4_spanish_ci DEFAULT NULL
) ENGINE=InnoDB DEFAULT CHARSET=utf8mb4 COLLATE=utf8mb4_spanish_ci ROW_FORMAT=DYNAMIC;

--
-- Volcado de datos para la tabla `carrera`
--

INSERT INTO `carrera` (`ca_id`, `ca_nombre`) VALUES
(1, 'Tecnicatura Superior en Administracion de Empresas'),
(2, 'Tecnicatura Superior en Higiene y Seguridad en el Trabajo'),
(3, 'Tecnicatura Superior en Logística'),
(4, 'Tecnicatura Superior en Turismo'),
(5, 'Tecnicatura Superior en Hotelería'),
(6, 'Tecnicatura Superior en Administración de Recursos Humanos');

-- --------------------------------------------------------

--
-- Estructura de tabla para la tabla `constancias`
--

CREATE TABLE `constancias` (
  `co_id` int(11) NOT NULL,
  `co_tipo` int(11) DEFAULT NULL,
  `co_alumno` int(11) DEFAULT NULL,
  `co_fecha_sol` date DEFAULT NULL,
  `co_preceptor` varchar(255) COLLATE utf8_spanish_ci DEFAULT NULL,
  `co_fecha_fin` date DEFAULT NULL,
  `co_estado` int(11) DEFAULT NULL
) ENGINE=InnoDB DEFAULT CHARSET=utf8 COLLATE=utf8_spanish_ci ROW_FORMAT=DYNAMIC;

-- --------------------------------------------------------

--
-- Estructura de tabla para la tabla `estados`
--

CREATE TABLE `estados` (
  `id_estado` int(11) NOT NULL,
  `det_estado` varchar(255) COLLATE utf8_spanish_ci NOT NULL
) ENGINE=InnoDB DEFAULT CHARSET=utf8 COLLATE=utf8_spanish_ci ROW_FORMAT=DYNAMIC;

--
-- Volcado de datos para la tabla `estados`
--

INSERT INTO `estados` (`id_estado`, `det_estado`) VALUES
(1, 'Pendiente'),
(2, 'Aprobada'),
(3, 'Rechazada');

-- --------------------------------------------------------

--
-- Estructura de tabla para la tabla `hist_academico`
--

CREATE TABLE `hist_academico` (
  `co_id` int(11) NOT NULL,
  `al_dni` varchar(255) COLLATE utf8_spanish_ci DEFAULT NULL,
  `ma_id` varchar(255) COLLATE utf8_spanish_ci DEFAULT NULL,
  `ma_libro` varchar(255) COLLATE utf8_spanish_ci DEFAULT NULL,
  `ma_folio` varchar(255) COLLATE utf8_spanish_ci DEFAULT NULL,
  `ma_fecha` varchar(255) COLLATE utf8_spanish_ci DEFAULT NULL,
  `ma_nota` varchar(255) COLLATE utf8_spanish_ci DEFAULT NULL,
  `ma_observ` varchar(255) COLLATE utf8_spanish_ci DEFAULT NULL,
  `carrera` varchar(255) COLLATE utf8_spanish_ci DEFAULT NULL
) ENGINE=InnoDB DEFAULT CHARSET=utf8 COLLATE=utf8_spanish_ci ROW_FORMAT=DYNAMIC;

--
-- Volcado de datos para la tabla `hist_academico`
--

INSERT INTO `hist_academico` (`co_id`, `al_dni`, `ma_id`, `ma_libro`, `ma_folio`, `ma_fecha`, `ma_nota`, `ma_observ`, `carrera`) VALUES
(40, '44000000', 'Ingles', '1', '1', '2022-07-15', '10', 'ariel turismo', '4'),
(41, '44000000', 'Psicologia', '1', '1', '2022-07-15', '9', 'ariel turismo', '4'),
(42, '44000000', 'Metodologia', '1', '1', '2022-07-15', '9', 'ariel turismo', '4'),
(43, '44000000', 'Introduccion', '1', '1', '2022-07-15', '8', 'ariel turismo', '4');

-- --------------------------------------------------------

--
-- Estructura de tabla para la tabla `materia`
--

CREATE TABLE `materia` (
  `ma_id` int(11) NOT NULL,
  `ca_id` int(11) DEFAULT NULL,
  `ca_anio` int(11) DEFAULT NULL,
  `pr_id` int(11) DEFAULT NULL,
  `ma_nombre` varchar(255) COLLATE utf8mb4_spanish_ci DEFAULT NULL
) ENGINE=InnoDB DEFAULT CHARSET=utf8mb4 COLLATE=utf8mb4_spanish_ci ROW_FORMAT=DYNAMIC;

--
-- Volcado de datos para la tabla `materia`
--

INSERT INTO `materia` (`ma_id`, `ca_id`, `ca_anio`, `pr_id`, `ma_nombre`) VALUES
(1, 1, 1, NULL, 'Matematicas 1'),
(2, 1, 1, NULL, 'Computacion 1'),
(3, 1, 1, NULL, 'Derecho'),
(4, 1, 1, NULL, 'Economia'),
(5, 1, 1, NULL, 'Contabilidad'),
(6, 1, 1, NULL, 'Sociologia de la Organizacion'),
(7, 1, 1, NULL, 'Principios de la Administracion'),
(8, 1, 1, NULL, 'Metodologia de la Investigacion'),
(9, 1, 1, NULL, 'Administración de Personal'),
(10, 1, 1, 1, 'Espacio de Definicion Institucional 1'),
(11, 1, 2, NULL, 'Matematicas 2'),
(12, 1, 2, NULL, 'Estadistica'),
(13, 1, 2, NULL, 'Ingles 1'),
(14, 1, 2, NULL, 'Computacion 2'),
(15, 1, NULL, NULL, 'Seguridad Social'),
(16, 1, 2, NULL, 'Psicologia Laboral'),
(17, 1, 2, NULL, 'Seguridad e Higiena del Trabajo'),
(18, 1, 2, NULL, 'Relaciones Laborales'),
(19, 1, 2, NULL, 'Derecho Laboral'),
(20, 1, 2, 1, 'Practica profecionales 1'),
(21, 1, 2, NULL, 'Espacio de Definicion Intitucional II'),
(22, 1, 3, NULL, 'Ingles II'),
(23, 1, 3, NULL, 'Liquidacion de Sueldos y Jornales'),
(24, 1, 3, NULL, 'Selección de Personal, Evaluación y Capacitación'),
(25, 1, 3, NULL, 'Dinámica Grupal'),
(26, 1, 3, NULL, 'Administración Estratégica de los Recursos Humanos'),
(27, 1, 3, NULL, 'Comunicación Organizacional'),
(28, 1, 3, 1, 'Práctica Profesional II'),
(29, 1, 3, NULL, 'Espacio de definicion Intitucional'),
(30, 2, 1, NULL, 'Administracón de las Organizaciones'),
(32, 2, 1, NULL, 'Psicología Laboral'),
(33, 2, 1, NULL, 'Física 1'),
(34, 2, 1, NULL, 'Quimica 1'),
(35, 2, 1, NULL, 'Medios de Representación'),
(36, 2, 1, NULL, 'Medicina del Trabajo I'),
(37, 2, 1, NULL, 'Seguridad 1'),
(38, 2, 1, NULL, 'Derecho del Trabajo'),
(39, 2, 1, NULL, 'Práctica Profesionalizante 1'),
(40, 2, 2, NULL, 'Estadística'),
(41, 2, 2, NULL, 'Fisica 2'),
(42, 2, 2, NULL, 'Quimica 2'),
(43, 2, 2, NULL, 'Ingles Tecnico '),
(44, 2, 2, NULL, 'Economia'),
(45, 2, 2, NULL, 'Seguridad 2'),
(46, 2, 2, NULL, 'Higiene Laboral y Medio Ambiente 1'),
(47, 2, 2, NULL, 'Medicina del Trabajo 2'),
(48, 2, 2, NULL, 'Práctica Profesionalizante 2 '),
(49, 2, 3, NULL, 'Comunicación y Administración de Medios'),
(50, 2, 3, NULL, 'Liquidación de Sueldos y Jornales'),
(51, 2, 3, NULL, 'Seguridad 3'),
(52, 2, 3, NULL, 'Higiene Laboral y Medio Ambiente 2'),
(53, 2, 3, NULL, 'Control de la Contaminación'),
(54, 2, 3, NULL, 'Práctica Profesionalizante 3'),
(56, 3, 1, NULL, 'Estadistica'),
(57, 3, 1, NULL, 'Fisica Aplicada'),
(58, 3, 1, NULL, 'Informatica'),
(59, 3, 1, NULL, 'Ingles 1'),
(60, 3, 1, NULL, 'Economia'),
(61, 3, 1, NULL, 'Principios de Administracion'),
(62, 3, 1, NULL, 'Metodologia de la Investigación'),
(63, 3, 1, NULL, 'Distribución 1'),
(64, 3, 1, NULL, 'Espacio de Definicion Intitucional'),
(65, 3, 2, NULL, 'Ingles 2'),
(66, 3, 2, NULL, 'Sociología de las Organizaciones'),
(68, 3, 2, NULL, 'Administracion de Inventarios y Compras'),
(69, 3, 2, NULL, 'Logistica 1'),
(70, 3, 2, NULL, 'Distribución 2'),
(71, 3, 2, NULL, 'Calidad de Producción y el Servicio'),
(72, 3, 2, NULL, 'Investigación Aplicada'),
(73, 3, 2, NULL, 'Espacio de Definicion Intitucional'),
(74, 3, 3, NULL, 'Portugués'),
(75, 3, 3, NULL, 'Logistica 2'),
(76, 3, 3, NULL, 'Seguridad e Higiene'),
(77, 3, 3, NULL, 'Practica Profecional'),
(78, 3, 3, NULL, 'Legislación'),
(79, 3, 3, NULL, 'Espacio de definicion Intitucional'),
(80, 4, 1, NULL, 'Ingles'),
(81, 4, 1, NULL, 'Psicologia social'),
(82, 4, 1, NULL, 'Metodologia de la investigacion'),
(83, 4, 1, NULL, 'Introduccion al Turismo'),
(84, 4, 1, NULL, 'Servicios Turistico'),
(85, 4, 1, NULL, 'Estadistica'),
(86, 4, 1, NULL, 'Calculo, tarifas y Emisión de Pasajes'),
(87, 4, 1, NULL, 'Estudio del Espacio Turistico de Argntina y America'),
(88, 4, 1, NULL, 'Patrimonio Turistico de Argntina y America'),
(89, 4, 1, NULL, 'Informatica'),
(90, 4, 1, NULL, 'Espacio de Definicion Intitucional'),
(91, 4, 2, NULL, 'Ingles 2'),
(92, 4, 2, NULL, 'Programacion de Circuitos Turisticos y Recreacionales'),
(93, 4, 2, NULL, 'Organizaciones y Adminitraciones'),
(94, 4, 2, NULL, 'Contabilidad aplicada y Matematica Financieras'),
(95, 4, 2, NULL, 'Estudio del Espacio Turistico de Europa, Africa, Asia y Oceania'),
(96, 4, 2, NULL, 'Patrimonio Turistico de Europa, Africa, Asia y Oceania.'),
(97, 4, 2, NULL, 'Investigación de Mercados'),
(98, 4, 2, NULL, 'Practica Profecional 1'),
(99, 4, 2, NULL, 'Espacio de definicion Intitucional'),
(101, 4, 3, NULL, 'Ingles 3'),
(102, 4, 3, NULL, 'Conservación del Medio Ambiete'),
(103, 4, 3, NULL, 'Legislacion'),
(104, 4, 3, NULL, 'Direccion y Gestion de Empresas'),
(105, 4, 3, NULL, 'Comercializacion de Productos Hoteleros y Turisticos'),
(106, 4, 3, NULL, 'Practica Profecional 2'),
(107, 4, 3, NULL, 'Espacio de Definicion Intitucional'),
(108, 5, 1, NULL, 'Ingles'),
(109, 5, 1, NULL, 'Psicologia social'),
(110, 5, 1, NULL, 'Metodologia de la investigacion'),
(111, 5, 1, NULL, 'Introduccion al turismo'),
(112, 5, NULL, NULL, 'Estadistica'),
(113, 5, 1, NULL, 'Relaciones publicas y congreso'),
(114, 5, 1, NULL, 'Administracion de Pisos'),
(115, 5, 1, NULL, 'Recepcion y Consegeria'),
(116, 5, 1, NULL, 'Hoganizacion Hotelera'),
(117, 5, 1, NULL, 'Informatica'),
(118, 5, 1, NULL, 'Espacio de definicion Intitucional'),
(119, 5, 2, NULL, 'Ingles 2'),
(120, 5, 2, NULL, 'Administracion de Personal'),
(121, 5, 2, NULL, 'Investigacion de Mercados'),
(122, 5, 2, NULL, 'Contabilidad aplicada y Matematica Financieras'),
(123, 5, 2, NULL, 'Costos y Compras'),
(124, 5, 2, NULL, 'Alimentos y Bebidas'),
(125, 5, 2, NULL, 'Recreacion y Animacion Socio Cultural'),
(126, 5, 2, NULL, 'Practica Profecional I'),
(127, 5, 2, NULL, 'Espacio de definicion Intitucional'),
(128, 5, 3, NULL, 'Ingles 3'),
(129, 5, 3, NULL, 'Conservacion del Medio Ambiete'),
(130, 5, 3, NULL, 'Legislacion'),
(131, 5, 3, NULL, 'Direccion y Gestion de Empresa Hoteleras Y Turisticas'),
(132, 5, 3, NULL, 'Comercializacion de Productos Hoteleros y Turisticos'),
(133, 5, 3, NULL, 'Alimentos y Bebidas 2'),
(134, 5, 3, NULL, 'Sistemas de Alojamiento'),
(135, 5, 3, NULL, 'Practica Profecional 2'),
(136, 5, 3, NULL, 'Diseño de Ambientación y Seguridad');

-- --------------------------------------------------------

--
-- Estructura de tabla para la tabla `profesor`
--

CREATE TABLE `profesor` (
  `pr_id` int(11) NOT NULL,
  `pr_nombre` varchar(255) COLLATE utf8mb4_spanish_ci DEFAULT NULL,
  `pr_tel` int(11) DEFAULT NULL,
  `pr_mail` varchar(255) COLLATE utf8mb4_spanish_ci DEFAULT NULL
) ENGINE=InnoDB DEFAULT CHARSET=utf8mb4 COLLATE=utf8mb4_spanish_ci ROW_FORMAT=DYNAMIC;

--
-- Volcado de datos para la tabla `profesor`
--

INSERT INTO `profesor` (`pr_id`, `pr_nombre`, `pr_tel`, `pr_mail`) VALUES
(1, 'Arsenio', 1111, 'abc@abc');

-- --------------------------------------------------------

--
-- Estructura de tabla para la tabla `usuario`
--

CREATE TABLE `usuario` (
  `us_id` int(11) NOT NULL,
  `us_nombre` varchar(255) COLLATE utf8mb4_spanish_ci DEFAULT NULL,
  `us_password` varchar(255) COLLATE utf8mb4_spanish_ci DEFAULT NULL,
  `us_nivel` varchar(255) COLLATE utf8mb4_spanish_ci DEFAULT NULL
) ENGINE=InnoDB DEFAULT CHARSET=utf8mb4 COLLATE=utf8mb4_spanish_ci ROW_FORMAT=DYNAMIC;

--
-- Volcado de datos para la tabla `usuario`
--

INSERT INTO `usuario` (`us_id`, `us_nombre`, `us_password`, `us_nivel`) VALUES
(0, 'admin', 'admin', '0'),
(1, 'gonza35.ga@gmail.com', 'Seguridad2', '1'),
(2, 'elizabethaguirre2741@gmail.com', 'Seguridad2', '1'),
(3, 'carlitoosalbarracin12@gmail.com', 'Seguridad2', '1'),
(4, 'saraalcaraz.elizabeth@gmail.com', 'Seguridad2', '1'),
(5, 'katherineaquino_13@hotmail.com', 'Seguridad2', '1'),
(6, 'k-ro.a@hotmail.com', 'Seguridad2', '1'),
(7, 'Arianf43@gmail.com', 'Seguridad2', '1'),
(8, 'marcelasoledadbaez14@gmail.com', 'Seguridad2', '1'),
(9, 'eb788440@gmail.com', 'Seguridad2', '1'),
(10, 'milenarose62@gmail.com', 'Seguridad2', '1'),
(11, 'caaroo.barraza@gmail.com', 'Seguridad2', '1'),
(12, 'Esmebarraza97@gmail.com', 'Seguridad2', '1'),
(13, 'joshiibrtz@gmail.com', 'Seguridad2', '1'),
(14, 'britezjuana1994@gmail.com', 'Seguridad2', '1'),
(15, 'javier-hbm@hotmail.com', 'Seguridad2', '1'),
(16, 'isabelcarpensano@gmail.com', 'Seguridad2', '1'),
(17, 'melcivetta@hotmail.com', 'Seguridad2', '1'),
(18, 'florenciacontrera1995@gmail.com', 'Seguridad2', '1'),
(19, 'federicomcor@hotmail.es', 'Seguridad2', '1'),
(20, 'carmendasilvaliliana@gmail.com', 'Seguridad2', '1'),
(21, 'rosapilardiaz22@gmail.com', 'Seguridad2', '1'),
(22, 'iaraf912@gmail.com', 'Seguridad2', '1'),
(23, 'Sofiafortete132@gmail.com', 'Seguridad2', '1'),
(24, 'mauriciodamiangaitan@gmail.com', 'Seguridad2', '1'),
(25, 'garciamelani642@gmail.com', 'Seguridad2', '1'),
(26, 'agustingimenez889@gmail.com', 'Seguridad2', '1'),
(27, 'priscilaiaragonzalez@gmail.com', 'Seguridad2', '1'),
(28, 'mara_gordilloh@live.com.ar', 'Seguridad2', '1'),
(29, 'luciana.m.ibarra@gmail.com', 'Seguridad2', '1'),
(30, 'Lsofia401@gmail.com', 'Seguridad2', '1'),
(31, 'elimaldonado137@gmail.com', 'Seguridad2', '1'),
(32, 'romismaley@gmail.com', 'Seguridad2', '1'),
(33, 'marleneaguilar717@gmail.com', 'Seguridad2', '1'),
(34, 'nahuelmancuello2000@gmail.com', 'Seguridad2', '1'),
(35, 'andressmartinez826@gmail.com', 'Seguridad2', '1'),
(36, 'Coriamelody26@gmail.com', 'Seguridad2', '1'),
(37, 'mendezgabrielalejandro8@gmail.com', 'Seguridad2', '1'),
(38, 'alejandramino36@gmail.com', 'Seguridad2', '1'),
(39, 'Modregoevelyn@gmail.com', 'Seguridad2', '1'),
(40, 'ingrid.monzon2003@gmail.com', 'Seguridad2', '1'),
(41, 'Nahueljduarte.njd@gmail.com', 'Seguridad2', '1'),
(42, 'Jnatale781@ gmail.com', 'Seguridad2', '1'),
(43, 'nahirontivero0909@gmail.com', 'Seguridad2', '1'),
(44, 'wm7799@gmail.com', 'Seguridad2', '1'),
(45, 'poncebelen75@gmail.com', 'Seguridad2', '1'),
(46, 'Fabricioporras20@outlook.com.ar', 'Seguridad2', '1'),
(47, 'quintanalucas391@gmail.com', 'Seguridad2', '1'),
(48, 'Ye_kev@hotmail.com', 'Seguridad2', '1'),
(49, 'yesicaquinonez@outlook.es', 'Seguridad2', '1'),
(50, 'clauracig@gmail.com', 'Seguridad2', '1'),
(51, 'analiaramirez281@gmail.com', 'Seguridad2', '1'),
(52, 'lautytahiel18@gmail.com', 'Seguridad2', '1'),
(53, 'bellaespuma22@gmail.com', 'Seguridad2', '1'),
(54, 'Nicolesalvatierra01@gmail.com', 'Seguridad2', '1'),
(55, 'Sanchezbelinda335@gmail.com', 'Seguridad2', '1'),
(56, 'agustinasoto01@gmail.com', 'Seguridad2', '1'),
(57, 'Tatu39862@gmail.com', 'Seguridad2', '1'),
(58, 'tamaraayelen.tb@gmail.com', 'Seguridad2', '1'),
(59, 'giselletoledo9@gmail.com', 'Seguridad2', '1'),
(60, 'fran420aguiar@gmail.com', 'Seguridad2', '1'),
(61, 'edutango69@gmail.com', 'Seguridad2', '1'),
(62, 'Danyalfarito1999@gmail.com', 'Seguridad2', '1'),
(63, 'Laspaisanas_8@hotmail.com', 'Seguridad2', '1'),
(64, 'daniel.arango19@gmail.com', 'Seguridad2', '1'),
(65, 'Karen.ayalaz32@gmail.com', 'Seguridad2', '1'),
(66, 'Talia.m.barraza@gmail.com', 'Seguridad2', '1'),
(67, 'Beraldiyberaldi2@gmail.com', 'Seguridad2', '1'),
(68, 'Sool19br@gmail.com', 'Seguridad2', '1'),
(69, 'caceresgonzii@gmail.com', 'Seguridad2', '1'),
(70, 'naracamacho013@gmail.com', 'Seguridad2', '1'),
(71, 'denissemichelle05@gmail.com', 'Seguridad2', '1'),
(72, 'canumilalbornoz@hotmail.com', 'Seguridad2', '1'),
(73, 'danusalinas97@gmail.com', 'Seguridad2', '1'),
(74, 'leonel.ezequiel.castelao.56@gmail.com', 'Seguridad2', '1'),
(75, 'hugocastillofeli@gmail.com', 'Seguridad2', '1'),
(76, 'yammy301.47ste@gmail.com', 'Seguridad2', '1'),
(77, 'gdagraca575@gmail.com', 'Seguridad2', '1'),
(78, 'Sebastian.Fazzalari@gmail.com', 'Seguridad2', '1'),
(79, 'milagrosfer24@gmail.com', 'Seguridad2', '1'),
(80, 'Agustiinf264@gmail.com', 'Seguridad2', '1'),
(81, 'sebasargentino1980@gmail.com', 'Seguridad2', '1'),
(82, 'gauna0403@gmail.com', 'Seguridad2', '1'),
(83, 'Miliigomez27@gmail.com', 'Seguridad2', '1'),
(84, 'pablosebastian19802103@gmail.com', 'Seguridad2', '1'),
(85, 'ig0496324@gmail.com', 'Seguridad2', '1'),
(86, 'Insaurralde021@gmail.com', 'Seguridad2', '1'),
(87, 'aleyedu97@gmail.com', 'Seguridad2', '1'),
(88, 'damian.cdl.02@gmail.com', 'Seguridad2', '1'),
(89, 'maggiojuliana.n@gmail.com', 'Seguridad2', '1'),
(90, 'Maruumillsbiebs@gmail.com', 'Seguridad2', '1'),
(91, 'marina2222010@gmail.com', 'Seguridad2', '1'),
(92, 'daiana.martz670@gmail.com', 'Seguridad2', '1'),
(93, 'martinmauriciomedina@gmail.com', 'Seguridad2', '1'),
(94, 'Olimaga98@gmail.com', 'Seguridad2', '1'),
(95, 'anahi.olivares19@gmail.com', 'Seguridad2', '1'),
(96, 'brisa02daniela@gmail.com', 'Seguridad2', '1'),
(97, 'maitesg02@gmail.com', 'Seguridad2', '1'),
(98, 'nadiapalomeque9@gmail.com', 'Seguridad2', '1'),
(99, 'pereztomas425@gmail.com', 'Seguridad2', '1'),
(100, 'carlosalbertoperezbosco@hotmail.com', 'Seguridad2', '1'),
(101, 'Portalpaola3@gmail.com', 'Seguridad2', '1'),
(102, 'Rociii443@gmail.com', 'Seguridad2', '1'),
(103, 'majorivas54@gmail.com', 'Seguridad2', '1'),
(104, 'Rodriguezariadna61@gmail.com', 'Seguridad2', '1'),
(105, 'magaliaylenr.18@gmail.com', 'Seguridad2', '1'),
(106, 'aylenrodriguez46@gmail.com', 'Seguridad2', '1'),
(107, 'Soy.gustavo@hotmail.com', 'Seguridad2', '1'),
(108, 'milagrosrolon43@hotmail.com', 'Seguridad2', '1'),
(109, 'elsamargaritaromeo@hotmail.com', 'Seguridad2', '1'),
(110, 'matiasrosa1996@gmail.com', 'Seguridad2', '1'),
(111, 'lean5ruizponce@gmail.com', 'Seguridad2', '1'),
(112, 'aldanaruiz984@gmail.com', 'Seguridad2', '1'),
(113, 'gasparov28@gmail.com', 'Seguridad2', '1'),
(114, 'Fatyysilva17@gmail.com', 'Seguridad2', '1'),
(115, 'Nahuelsilvero893@gmail.com', 'Seguridad2', '1'),
(116, 'slilidana@gmail.com', 'Seguridad2', '1'),
(117, 'Camilasf018@gmail.com', 'Seguridad2', '1'),
(118, 'suarezabigail174@gmail.com', 'Seguridad2', '1'),
(119, 'paau.taramelli18@gmail.com', 'Seguridad2', '1'),
(120, 'tarimaria39@gmail.com', 'Seguridad2', '1'),
(121, 'claja.chunic@gmail.com', 'Seguridad2', '1'),
(122, 'varasyoungte.01@gmail.com', 'Seguridad2', '1'),
(123, '98vicini@gmail.com', 'Seguridad2', '1'),
(124, 'Vietri6488@gmail.com', 'Seguridad2', '1'),
(125, 'villarealguadalupe.pa@gmail.com', 'Seguridad2', '1'),
(126, 'yamila.villaverde95@outlook.com', 'Seguridad2', '1'),
(127, 'Sophie96@hotmail.es', 'Seguridad2', '1'),
(128, 'daiigere13@gnail.com', 'Seguridad2', '1'),
(129, 'Santialm30.06@gmail.com', 'Seguridad2', '1'),
(130, 'pablojose0947@gmail.com', 'Seguridad2', '1'),
(131, 'gmzzludmila868@gmail.com', 'Seguridad2', '1'),
(132, 'barbasgerman@hotmail.com', 'Seguridad2', '1'),
(133, 'Agustin.barrios.2308@gmail.com', 'Seguridad2', '1'),
(134, 'bogsinfo@gmail.com', 'Seguridad2', '1'),
(135, 'camilaayelencardozo@outlook.es', 'Seguridad2', '1'),
(136, 'florenciaceriani19@gmail.com', 'Seguridad2', '1'),
(137, 'aguschamoorro20@gmail.com', 'Seguridad2', '1'),
(138, 'Sebastianandres.ciceri@gmail.com', 'Seguridad2', '1'),
(139, 'jona-cja89@hotmail.com', 'Seguridad2', '1'),
(140, 'arielcoppa@gmail.com', 'Seguridad2', '1'),
(141, 'daiigere13@gmail.com', 'Seguridad2', '1'),
(142, 'esmerylauty@hotmail.com', 'Seguridad2', '1'),
(143, 'stefigil17@gmail.com', 'Seguridad2', '1'),
(144, 'noe.elianaguzman@gmail.com', 'Seguridad2', '1'),
(145, 'ludmilahernandez58@gmail.com', 'Seguridad2', '1'),
(146, 'iñiguezgonzalo34@gmail.com', 'Seguridad2', '1'),
(147, 'ceci.russo99@gmail.com', 'Seguridad2', '1'),
(148, 'matiaslago2002@gmail.com', 'Seguridad2', '1'),
(149, 'Lascanoagus@gmail.com', 'Seguridad2', '1'),
(150, 'lidia_lescano@hotmail.com', 'Seguridad2', '1'),
(151, 'juanilucik@gmail.com', 'Seguridad2', '1'),
(152, 'mallarinoagustina4@gmail.com', 'Seguridad2', '1'),
(153, 'martin.martinez73@gmail.com', 'Seguridad2', '1'),
(154, 'Merloromina3@gmail.com', 'Seguridad2', '1'),
(155, 'melina.anahi.moyano98@gmail.com', 'Seguridad2', '1'),
(156, 'an856986@gmail.com', 'Seguridad2', '1'),
(157, 'OCAMPOANALIA2@GMAIL.COM', 'Seguridad2', '1'),
(158, 'gonzaloolivera600@gmail.com', 'Seguridad2', '1'),
(159, 'maria.oncebay64@gmail.com', 'Seguridad2', '1'),
(160, 'sara.onetto@hotmail.com', 'Seguridad2', '1'),
(161, '2103natydami@gmail.com', 'Seguridad2', '1'),
(162, 'camirociopare@gmail.com', 'Seguridad2', '1'),
(163, 'rosaperaltakiersz@gmail.com', 'Seguridad2', '1'),
(164, 'karlitos.pereyra@gmail.com', 'Seguridad2', '1'),
(165, 'Pitoon_9@outlook.com', 'Seguridad2', '1'),
(166, 'federico.pesamosca@hotmail.com', 'Seguridad2', '1'),
(167, 'gonzaloponcenahuel@gmail.com', 'Seguridad2', '1'),
(168, 'josefinarivarolaqr@gmail.com', 'Seguridad2', '1'),
(169, 'riverapardolourdes@gmail.com', 'Seguridad2', '1'),
(170, 'orianarivero1@gmail.com', 'Seguridad2', '1'),
(171, 'aylenrodriguez46@gmail.com', 'Seguridad2', '1'),
(172, 'lucasrojas@live.com.ar', 'Seguridad2', '1'),
(173, 'EnzoSabaoJavier@outlook.com', 'Seguridad2', '1'),
(174, 'megaplaytesuri@gmail.com', 'Seguridad2', '1'),
(175, 'santacruzbelen43@gmail.com', 'Seguridad2', '1'),
(176, 'camz9773@gmail.com', 'Seguridad2', '1'),
(177, 'carlosalbertoxtz250@gmail.com', 'Seguridad2', '1'),
(178, 'julieta.sosatb@gmail.com', 'Seguridad2', '1'),
(179, 'sottazale@gmail.com', 'Seguridad2', '1'),
(180, 'suarezclaudio952@gmail.com', 'Seguridad2', '1'),
(181, 'marisolt536@gmail.com', 'Seguridad2', '1'),
(182, 'camiemma0@gmail.com', 'Seguridad2', '1'),
(183, 'Valdezgiselaedith@gmail.com', 'Seguridad2', '1'),
(184, 'florencia.93@hotmail.es', 'Seguridad2', '1'),
(185, 'mrgildedbunny@gmail.com', 'Seguridad2', '1'),
(186, 'adrianaverdun1404@gmail.com', 'Seguridad2', '1'),
(187, 'rominaybasca@hotmail.com', 'Seguridad2', '1'),
(188, 'ivanalrcon12@gmail.com', 'Seguridad2', '1'),
(189, 'fabianaalbornoz69@gmail.com', 'Seguridad2', '1'),
(190, 'Rociovictoriaa1@hotmail.com', 'Seguridad2', '1'),
(191, 'milibargas87@gmail.com', 'Seguridad2', '1'),
(192, 'Fedeeltanito@hotmail.com', 'Seguridad2', '1'),
(193, 'milagroscheres@gmail.com', 'Seguridad2', '1'),
(194, 'maximo23882008@gmail.com', 'Seguridad2', '1'),
(195, 'erica.cordoba@outlook.com', 'Seguridad2', '1'),
(196, 'Daia_nita@live.com.ar', 'Seguridad2', '1'),
(197, 'ferdaluz97@gmail.com', 'Seguridad2', '1'),
(198, 'montano.fv@gmail.com', 'Seguridad2', '1'),
(199, 'evee_dz@hotmail.com', 'Seguridad2', '1'),
(200, 'diegoalejandroeco@gmail.com', 'Seguridad2', '1'),
(201, 'camilatyronegomez@outlook.es', 'Seguridad2', '1'),
(202, 'gomez.nahuel.miguel999@gmail.com', 'Seguridad2', '1'),
(203, 'gonzalo.lazarte.19@gmail.com', 'Seguridad2', '1'),
(204, 'aldanaayelen882@gmail.com', 'Seguridad2', '1'),
(205, 'morales.agnece@gmail.com', 'Seguridad2', '1'),
(206, 'Yamii.obregon.2196@gmail.com', 'Seguridad2', '1'),
(207, 'Lauratatiana_2014@hotmail.com', 'Seguridad2', '1'),
(208, 'agus.maguii11@gmail.com', 'Seguridad2', '1'),
(209, 'ayelenip@live.com', 'Seguridad2', '1'),
(210, 'Ye_kev@hotmail.com', 'Seguridad2', '1'),
(211, 'albertocamilo633@gmail.com', 'Seguridad2', '1'),
(212, 'candereyperalta@gmail.com', 'Seguridad2', '1'),
(213, 'Ivana.romero@hotmail.com.ar', 'Seguridad2', '1'),
(214, 'azul_sannchez28@hotmail.com', 'Seguridad2', '1'),
(215, 'Cirojeremias31@gmail.com', 'Seguridad2', '1'),
(216, 'taboada-viviana@hotmail.com', 'Seguridad2', '1'),
(217, 'Trossa_14@hotmail.com', 'Seguridad2', '1'),
(218, 'tumbarelloanalia@gmail.com', 'Seguridad2', '1'),
(219, 'Fernando.g.acosta93@gmail.com', 'Seguridad2', '1'),
(220, 'aaronagama@hotmail.com', 'Seguridad2', '1'),
(221, 'lourdesaranda20@gmail.com', 'Seguridad2', '1'),
(222, 'federicobeltran46@gmail.com', 'Seguridad2', '1'),
(223, 'marcossalvador017@gmail.com', 'Seguridad2', '1'),
(224, 'nicolasdiomede2017@gmail.com', 'Seguridad2', '1'),
(225, 'mike_esco85@hotmail.com', 'Seguridad2', '1'),
(226, 'g-a-farias@hotmail.com', 'Seguridad2', '1'),
(227, 'carofernandez1510@gmail.com', 'Seguridad2', '1'),
(228, 'Agustiinf264@gmail.com', 'Seguridad2', '1'),
(229, 'Antonella99Flores@gmail.com', 'Seguridad2', '1'),
(230, 'camilafranco939@gmail.com', 'Seguridad2', '1'),
(231, 'frydaclau@gmail.com', 'Seguridad2', '1'),
(232, 'Anala1234@gmail.com', 'Seguridad2', '1'),
(233, 'marchiori.v.m@hotmail.com', 'Seguridad2', '1'),
(234, 'Estebanmastronardi5@gmail.com', 'Seguridad2', '1'),
(235, 'jonymedina2408@hotmail.com', 'Seguridad2', '1'),
(236, 'alanoliva3@hotmail.com', 'Seguridad2', '1'),
(237, 'leoolivares918@gmail.com', 'Seguridad2', '1'),
(238, 'D.yanet.palacios@gmail.com', 'Seguridad2', '1'),
(239, 'Carlyfe@hotmail.com', 'Seguridad2', '1'),
(240, 'patricioluispesamosca@gmail.com', 'Seguridad2', '1'),
(241, 'Camiila.ailen96@gmail.com', 'Seguridad2', '1'),
(242, 'sanjuantrapos@gmail.com', 'Seguridad2', '1'),
(243, 'analauratorres_94@hotmail.com', 'Seguridad2', '1'),
(244, 'danieltrejo25@hotmail.com', 'Seguridad2', '1'),
(245, 'yvillarruel83@gmail.com', 'Seguridad2', '1'),
(246, 'Romialmaras99@gmail.com', 'Seguridad2', '1'),
(247, 'cbaleroski@gmail.com', 'Seguridad2', '1'),
(248, 'Joel_de38@hotmail.com', 'Seguridad2', '1'),
(249, 'caballeroemilio061@gmail.com', 'Seguridad2', '1'),
(250, 'ffedecastillo1992@gmail.com', 'Seguridad2', '1'),
(251, 'benjachaile@gmail.com', 'Seguridad2', '1'),
(252, 'chanal.enzo.em@gmail.com', 'Seguridad2', '1'),
(253, 'lucianch00@gmail.com', 'Seguridad2', '1'),
(254, 'Melinach.melinach@gmail.com', 'Seguridad2', '1'),
(255, 'Corresilvy94@gmail.com', 'Seguridad2', '1'),
(256, 'lucianocragno@hotmail.com', 'Seguridad2', '1'),
(257, 'magdalena.duarte17@gmail.com', 'Seguridad2', '1'),
(258, 'Flores.marydagne@gmail.com', 'Seguridad2', '1'),
(259, 'ivangimenez696@gmail.com', 'Seguridad2', '1'),
(260, 'Juliofranciscosantiago@outloo.com', 'Seguridad2', '1'),
(261, 'brian.lencina@hotmail.com', 'Seguridad2', '1'),
(262, 'jesimansilla90@gmail.com', 'Seguridad2', '1'),
(263, 'gusta360@hotmail.com.ar', 'Seguridad2', '1'),
(264, 'Jonathan10.03.1995@gmail.com', 'Seguridad2', '1'),
(265, 'aguscelestem@gmail.com', 'Seguridad2', '1'),
(266, 'rocipenayo28@gmail.com', 'Seguridad2', '1'),
(267, 'karlitos.pereyra@gmail.com', 'Seguridad2', '1'),
(268, 'dragonkm38@gmail.com', 'Seguridad2', '1'),
(269, 'Pablo-9310_@hotmail.com', 'Seguridad2', '1'),
(270, 'renzofrancorodriguez08@gmail.com', 'Seguridad2', '1'),
(271, 'so_antonella@live.com', 'Seguridad2', '1'),
(272, 'B.daianatorres@gmail.com', 'Seguridad2', '1'),
(273, 'rakel_aby99@hotmail.com', 'Seguridad2', '1'),
(274, 'agustinabalboa98@gmail.com', 'Hoteleria5', '1'),
(275, 'dheivid.b.a@gmail.com', 'Hoteleria5', '1'),
(276, 'xdaiuxx@gmail.com', 'Hoteleria5', '1'),
(277, 'nid21.24@hotmail.com', 'Hoteleria5', '1'),
(278, 'pamelabenitez0023@gmail.com', 'Hoteleria5', '1'),
(279, 'biondi.cec@gmail.com', 'Hoteleria5', '1'),
(280, 'florborona16@gmail.com', 'Hoteleria5', '1'),
(281, 'daiana.britez@hotmail.com', 'Hoteleria5', '1'),
(282, 'Eluu300@gmail.com', 'Hoteleria5', '1'),
(283, 'carvallolynda@gmail.com', 'Hoteleria5', '1'),
(284, 'lcasal472@gmail.com', 'Hoteleria5', '1'),
(285, 'castilloericamailen@gmail.com', 'Hoteleria5', '1'),
(286, 'andreacastro1481@gmail.com', 'Hoteleria5', '1'),
(287, 'iaraluciacordoba@gmail.com', 'Hoteleria5', '1'),
(288, 'coronelagustin204@gmail.com', 'Hoteleria5', '1'),
(289, 'candeladaniele21@gmail.com', 'Hoteleria5', '1'),
(290, 'rociolorena@outlook.com', 'Hoteleria5', '1'),
(291, 'mauroduarte6009@gmail.com', 'Hoteleria5', '1'),
(292, 'Brendaertola@gmail.com', 'Hoteleria5', '1'),
(293, 'analuciaespinoza365@gmail.com', 'Hoteleria5', '1'),
(294, 'joafalcon16@gmail.com', 'Hoteleria5', '1'),
(295, 'teef.fernandez@gmail.com', 'Hoteleria5', '1'),
(296, 'Sollferreyra@gmail.com', 'Hoteleria5', '1'),
(297, 'denissefucaraccio07@hotmail.com', 'Hoteleria5', '1'),
(298, 'camigallo.pr@gmail.com', 'Hoteleria5', '1'),
(299, 'milagrosgamboa01@gmail.com', 'Hoteleria5', '1'),
(300, 'Totti.carla70@gmail.com', 'Hoteleria5', '1'),
(301, 'Lauragabriela1991@hotmail.com', 'Hoteleria5', '1'),
(302, 'mariana.ibalos97@gmail.com', 'Hoteleria5', '1'),
(303, 'Rominajuarez93@hotmail.com', 'Hoteleria5', '1'),
(304, 'gabjuarez1412@gmail.com', 'Hoteleria5', '1'),
(305, 'arianledesm070gmail.com', 'Hoteleria5', '1'),
(306, 'yazminllanes1@gmail.com', 'Hoteleria5', '1'),
(307, 'wendygisellelopez@hotmail.com', 'Hoteleria5', '1'),
(308, 'Luzmaldonado2805@gmail.com', 'Hoteleria5', '1'),
(309, 'magamansilla2020@gmail.com', 'Hoteleria5', '1'),
(310, 'amapolasisabella@gmail.com', 'Hoteleria5', '1'),
(311, 'mendezmariavictoria6@gmail.com', 'Hoteleria5', '1'),
(312, 'Semyramis696@gmail.com', 'Hoteleria5', '1'),
(313, 'yaelmendoza09@gmail.com', 'Hoteleria5', '1'),
(314, 'debomoorlag@gmail.com', 'Hoteleria5', '1'),
(315, 'mora.yesica.j@gmail.com', 'Hoteleria5', '1'),
(316, 'giulimorales48@gmail.com', 'Hoteleria5', '1'),
(317, 'aguusa7x@hotmail.com', 'Hoteleria5', '1'),
(318, 'Moralesram99@gmail.com', 'Hoteleria5', '1'),
(319, 'gisellefirmapaz@gmail.com', 'Hoteleria5', '1'),
(320, 'Cris.paez39@gmail.com', 'Hoteleria5', '1'),
(321, 'Barbiesol21@gmail.com', 'Hoteleria5', '1'),
(322, 'Karenyamilapaz@hotmail.com', 'Hoteleria5', '1'),
(323, 'magajbpelegrines@gmail.com', 'Hoteleria5', '1'),
(324, 'micaelaperalta__27@hotmail.com', 'Hoteleria5', '1'),
(325, 'juana_maite@hotmai.com', 'Hoteleria5', '1'),
(326, 'Pereyrajohanna@hotmail.com', 'Hoteleria5', '1'),
(327, 'kevinregner04@gmail.com', 'Hoteleria5', '1'),
(328, 'vsonyarodriguez@gmail.com', 'Hoteleria5', '1'),
(329, 'martu_conamor@hotmail.com', 'Hoteleria5', '1'),
(330, 'mairaelianarojas@gmail.com', 'Hoteleria5', '1'),
(331, 'ruccihomero26@gmail.com', 'Hoteleria5', '1'),
(332, 'ruizromina30@gmail.com', 'Hoteleria5', '1'),
(333, 'Agustinansalinas@gmail.com', 'Hoteleria5', '1'),
(334, 'Camilaleverone.s@gmail.com', 'Hoteleria5', '1'),
(335, 'teamo-ingridsanchez@hotmail.com', 'Hoteleria5', '1'),
(336, 'abigailori31@gmail.com', 'Hoteleria5', '1'),
(337, 'Samuel030705@gmail.com', 'Hoteleria5', '1'),
(338, 'Silvasanchez.florencia@gmail.com', 'Hoteleria5', '1'),
(339, 'Ayee_silva13@hotmail.com', 'Hoteleria5', '1'),
(340, 'alejandra.s.solis@hotmail.com', 'Hoteleria5', '1'),
(341, 'suarez.alin99@gmail.com', 'Hoteleria5', '1'),
(342, 'Suarezlourdes2712@gmail.com', 'Hoteleria5', '1'),
(343, 'lorenatorresagostina@gmail.com', 'Hoteleria5', '1'),
(344, 'brianvaldez.daniel@gmail.com', 'Hoteleria5', '1'),
(345, 'federicoodv@yahoo.com.ar', 'Hoteleria5', '1'),
(346, 'Candelasotelo25@gmail.com', 'Hoteleria5', '1'),
(347, 'romiivillalba15@gmail.com', 'Hoteleria5', '1'),
(348, 'facundoacosta90@gmail.com', 'Logistica3', '1'),
(349, 'felipe95.alfaro@gmail.com', 'Logistica3', '1'),
(350, 'Marualfonso88@gmail.com', 'Logistica3', '1'),
(351, 'alleindesv@gmail.com', 'Logistica3', '1'),
(352, 'alanalmazana@gmail.com', 'Logistica3', '1'),
(353, 'alva-rez-nahu@outlook.com', 'Logistica3', '1'),
(354, 'chiche_gero@hotmail.com', 'Logistica3', '1'),
(355, 'argentinimartin@gmail.com', 'Logistica3', '1'),
(356, 'daristegui@hotmail.com', 'Logistica3', '1'),
(357, 'diegoartaza10@gmail.com', 'Logistica3', '1'),
(358, 'jose.l.artaza@gmail.com', 'Logistica3', '1'),
(359, 'badimix@hotmail.com', 'Logistica3', '1'),
(360, 'rubenbarboza43@gmail.com', 'Logistica3', '1'),
(361, 'mariaguadalupe.becker@gmail.com', 'Logistica3', '1'),
(362, 'Javii_btz@hotmail.com', 'Logistica3', '1'),
(363, 'alejandro.bevilacqua77@gmail.com', 'Logistica3', '1'),
(364, 'blas.pedroaugusto@gmail.com', 'Logistica3', '1'),
(365, 'ivanbrizuela94@gmail.com', 'Logistica3', '1'),
(366, 'francisco.cabrera98@hotmail.com', 'Logistica3', '1'),
(367, 'srcampos88@gmail.com', 'Logistica3', '1'),
(368, 'candia14@gmail.com', 'Logistica3', '1'),
(369, 'josehernan.cf@gmail.com', 'Logistica3', '1'),
(370, 'baarbycaprioli@gmail.com', 'Logistica3', '1'),
(371, 'gabrielcarabajal7267@gmail.com', 'Logistica3', '1'),
(372, 'nuriacarabajal18@hotmail.com', 'Logistica3', '1'),
(373, 'pablocarabajal23@gmail.com', 'Logistica3', '1'),
(374, 'jorge_castronuovo@outlook.com', 'Logistica3', '1'),
(375, 'gerardocejas90@gmail.com', 'Logistica3', '1'),
(376, 'euge_chft@hotmail.com', 'Logistica3', '1'),
(377, 'daianaclaros@hotmail.com', 'Logistica3', '1'),
(378, 'rickycoceres@hotmail.com', 'Logistica3', '1'),
(379, 'sebastianicolman@gmail.com', 'Logistica3', '1'),
(380, 'maxijavier19@gmail.com', 'Logistica3', '1'),
(381, 'lulitaa007@gmail.com', 'Logistica3', '1'),
(382, 'carykc.43@gmail.com', 'Logistica3', '1'),
(383, 'dasilveirawanda7@gmail.com', 'Logistica3', '1'),
(384, 'veroabilita@gmail.com', 'Logistica3', '1'),
(385, 'gisel.della.negra@hotmail.com', 'Logistica3', '1'),
(386, 'nanu0602@gmail.com', 'Logistica3', '1'),
(387, 'gerardodisabato@gmail.com', 'Logistica3', '1'),
(388, 'sebastian.g.diaz1604@gmail.com', 'Logistica3', '1'),
(389, 'fdielschneider@gmail.com', 'Logistica3', '1'),
(390, 'Enriquezjavi@gmail.com', 'Logistica3', '1'),
(391, 'camo.escobar.95@hotmail.com', 'Logistica3', '1'),
(392, 'nicolaseviciano@gmail.com', 'Logistica3', '1'),
(393, 'agustinfariasdiaz@hotmail.com', 'Logistica3', '1'),
(394, 'dav.dt12@gmail.com', 'Logistica3', '1'),
(395, 'Jorfernandezcai@gmail.com', 'Logistica3', '1'),
(396, 'fitakevin@gmail.com', 'Logistica3', '1'),
(397, 'daana.flores@gmail.com', 'Logistica3', '1'),
(398, 'mfrias96@hotmail.com', 'Logistica3', '1'),
(399, 'leonardo.e.frias@gmail.com', 'Logistica3', '1'),
(400, 'gaitandamian@gmai.com', 'Logistica3', '1'),
(401, 'Florenciaveronica1234@gmail.com', 'Logistica3', '1'),
(402, 'gallarinolucas@gmail.com', 'Logistica3', '1'),
(403, 'garciajulianab@gmail.com', 'Logistica3', '1'),
(404, 'mg4788958@gmail.com', 'Logistica3', '1'),
(405, 'gibertcecilia@gmail.com', 'Logistica3', '1'),
(406, 'adriangimenez1985@gmail.com', 'Logistica3', '1'),
(407, 'melanygimenez25@gmail.com', 'Logistica3', '1'),
(408, 'locura.cjs72@gmail.com', 'Logistica3', '1'),
(409, 'braian14ariel@gmail.com', 'Logistica3', '1'),
(410, 'Federico_sebastian03@hotmail.com', 'Logistica3', '1'),
(411, 'logonzalez_5@hotmail.com', 'Logistica3', '1'),
(412, 'Germanglu@hotmail.com', 'Logistica3', '1'),
(413, 'ilianaguerrero90@gmail.com', 'Logistica3', '1'),
(414, 'gusmanfede@hotmail.com', 'Logistica3', '1'),
(415, 'gutierrezpedroadrian@gmail.com', 'Logistica3', '1'),
(416, 'gdvga.2@gmail.com', 'Logistica3', '1'),
(417, 'huntsoledad5@gmail.com', 'Logistica3', '1'),
(418, 'ibanezjulieta2019@gmail.com', 'Logistica3', '1'),
(419, 'cesarinsfran2013@hotmail.com', 'Logistica3', '1'),
(420, 'kerbsdaniel6@gmail.com', 'Logistica3', '1'),
(421, 'cloanalanghe@gmail.com', 'Logistica3', '1'),
(422, 'rubenmledesma2018@gmail.com', 'Logistica3', '1'),
(423, 'arielleiva27@gmail.com', 'Logistica3', '1'),
(424, 'lenzinajuan92@gmail.com', 'Logistica3', '1'),
(425, 'francoleon.fyj@gmail.com', 'Logistica3', '1'),
(426, 'leon.angelalucia@gmail.com', 'Logistica3', '1'),
(427, 'maurodamianlescano@gmail.com', 'Logistica3', '1'),
(428, 'geremiasleveratto@gmail.com', 'Logistica3', '1'),
(429, 'infojuanlezcano@gmail.com', 'Logistica3', '1'),
(430, 'gcdllacer@gmail.com', 'Logistica3', '1'),
(431, 'patricio.lore@gmail.com', 'Logistica3', '1'),
(432, 'diego10syd@gmail.com', 'Logistica3', '1'),
(433, 'alugones@trf.com.ar', 'Logistica3', '1'),
(434, 'fernandolujan1982@hotmail.com', 'Logistica3', '1'),
(435, 'facundo105690@gmail.com', 'Logistica3', '1'),
(436, 'Lgmaciel07@gmail.com', 'Logistica3', '1'),
(437, 'camila.madelo.cm@gmail.com', 'Logistica3', '1'),
(438, 'aldu_97@hotmail.com', 'Logistica3', '1'),
(439, 'fmancilla2016@gmail.com', 'Logistica3', '1'),
(440, 'lmansilla.9222@gmail.com', 'Logistica3', '1'),
(441, 'mariaeugeniaavalos17@hotmail.com', 'Logistica3', '1'),
(442, 'marin.leonardo219@gmail.com', 'Logistica3', '1'),
(443, 'martinrubenmedina@hotmail.com', 'Logistica3', '1'),
(444, 'fmedina1130@gmail.com', 'Logistica3', '1'),
(445, 'agustinamedina414@gmail.com', 'Logistica3', '1'),
(446, 'johasolemedina@gmail.com', 'Logistica3', '1'),
(447, 'Jmendez@trf.com.ar', 'Logistica3', '1'),
(448, 'jesusmercuri@gmail.com', 'Logistica3', '1'),
(449, 'djandame@hotmail.com', 'Logistica3', '1'),
(450, 'Diegohernannieto@gmail.com', 'Logistica3', '1'),
(451, 'nicolas_olivera95@outlook.com', 'Logistica3', '1'),
(452, 'fede17mo@gmail.com', 'Logistica3', '1'),
(453, 'hjpais@outlook.com', 'Logistica3', '1'),
(454, 'loly_079@hotmail.com', 'Logistica3', '1'),
(455, 'Lnp_nahuel@hotmail.com', 'Logistica3', '1'),
(456, 'juana_maite@hotmail.com', 'Logistica3', '1'),
(457, 'Cecip47@gmail.com', 'Logistica3', '1'),
(458, 'nicolasmaperez87@gmail.com', 'Logistica3', '1'),
(459, 'diegopintos430@gmail.com', 'Logistica3', '1'),
(460, 'Leanpoce@gmail.com', 'Logistica3', '1'),
(461, 'alejandro_politi@hotmail.com', 'Logistica3', '1'),
(462, 'karenedithponce@gmail.com', 'Logistica3', '1'),
(463, 'pozzoenrique@gmail.com', 'Logistica3', '1'),
(464, 'adrianapulitano@hotmail.com', 'Logistica3', '1'),
(465, 'elianapuyol@gmail.com', 'Logistica3', '1'),
(466, 'melanyquagliatachau@gmail.com', 'Logistica3', '1'),
(467, 'brendamquiroga16@gmail.com', 'Logistica3', '1'),
(468, 'jmquiroga@live.com.ar', 'Logistica3', '1'),
(469, 'mario.rebolo@hotmail.com', 'Logistica3', '1'),
(470, 'brian1997rios@gmail.com', 'Logistica3', '1'),
(471, 'Crios@dtlogistica.com.ar', 'Logistica3', '1'),
(472, 'vidalinar22@gmail.com', 'Logistica3', '1'),
(473, 'johanna.roa94@gmail.com', 'Logistica3', '1'),
(474, 'segundorafarobles@gmail.com', 'Logistica3', '1'),
(475, 'andvickmartins@gmail.com', 'Logistica3', '1'),
(476, 'Patricio.r@outlook.com', 'Logistica3', '1'),
(477, 'adrianromerof01@gmail.com', 'Logistica3', '1'),
(478, 'crisromero202121@gmail.com', 'Logistica3', '1'),
(479, 'ivanrossi5810@gmail.com', 'Logistica3', '1'),
(480, 'juruiz@andreani.com', 'Logistica3', '1'),
(481, 'salinascamila.e@gmail.com', 'Logistica3', '1'),
(482, 'Karensanchez300898@gmail.com', 'Logistica3', '1'),
(483, 'miriamsanchezlifan@gmail.com', 'Logistica3', '1'),
(484, 'Sayavedramalena4@gmail.com', 'Logistica3', '1'),
(485, 'schmitmatias526@gmail.com', 'Logistica3', '1'),
(486, 'leandro.schmunck@hotmail.com', 'Logistica3', '1'),
(487, 'Jsilva141993@gmail.com', 'Logistica3', '1'),
(488, 'ezerooll@gmail.com', 'Logistica3', '1'),
(489, 'elgaby.sosa@gmail.com', 'Logistica3', '1'),
(490, 'ezequiellxc49@gmail.com', 'Logistica3', '1'),
(491, 'spallinojuan@gmail.com', 'Logistica3', '1'),
(492, 'Diegot636@gmail.com', 'Logistica3', '1'),
(493, 'cintiaandreatrejo@hotmail.com', 'Logistica3', '1'),
(494, 'Lucas.ugarte17@gmail.com', 'Logistica3', '1'),
(495, 'fabriziovaldovinos162@gmail.com', 'Logistica3', '1'),
(496, 'florchu_35@hotmail.com', 'Logistica3', '1'),
(497, 'Ianvarando12@hotmail.com', 'Logistica3', '1'),
(498, 'vanesa.m.varela@gmail.com', 'Logistica3', '1'),
(499, 'javier.velarde.33@gmail.com', 'Logistica3', '1'),
(500, 'evltrf@gmail.com', 'Logistica3', '1'),
(501, 'hector_villena@hotmail.com', 'Logistica3', '1'),
(502, 'yaninavitta@hotmail.com', 'Logistica3', '1'),
(503, 'florwilvers@hotmail.com', 'Logistica3', '1'),
(504, 'yankeflorenciaa@gmail.com', 'Logistica3', '1'),
(505, 'yapurakarina@hotmail.com', 'Logistica3', '1'),
(506, 'zuritagabriel@hotmail.com', 'Logistica3', '1'),
(507, 'arielonfire97@gmail.com', 'Turismo4', '1'),
(508, 'Bianagostinelli@gmail.com', 'Turismo4', '1'),
(509, 'Camila.denise.a@hotmail.com', 'Turismo4', '1'),
(510, 'Mauri_riverplate_2016@hotmail.com', 'Turismo4', '1'),
(511, 'eemiliamado@gmail.com', 'Turismo4', '1'),
(512, 'tamara-anriquez@hotmail.com', 'Turismo4', '1'),
(513, 'arcemaria1649@gmail.com', 'Turismo4', '1'),
(514, 'macarena.arganin@gmail.com', 'Turismo4', '1'),
(515, 'asenciosjennifer4@gmail.com', 'Turismo4', '1'),
(516, 'avedelicia6@gmail.com', 'Turismo4', '1'),
(517, 'candeeayala99@gmail.com', 'Turismo4', '1'),
(518, 'debora84497@gmail.com', 'Turismo4', '1'),
(519, 'Bfendun66@gmail.com', 'Turismo4', '1'),
(520, 'vyckybejarano1@hotmail.com', 'Turismo4', '1'),
(521, 'rocioob2010@hotmail.com', 'Turismo4', '1'),
(522, 'marianoblanco48@gmail.com', 'Turismo4', '1'),
(523, 'rosariobologna@hotmail.com.ar', 'Turismo4', '1'),
(524, 'm.moira.brandan@gmail.com', 'Turismo4', '1'),
(525, 'melus14@gmail.com', 'Turismo4', '1'),
(526, 'fcabrera853@gmail.com', 'Turismo4', '1'),
(527, 'Flor_camposs@hotmail.com.ar', 'Turismo4', '1'),
(528, 'Iilianacardozo1983@gmail.com', 'Turismo4', '1'),
(529, 'flor_naty98@hotmail.com', 'Turismo4', '1'),
(530, 'weekyoriana@gmail.com', 'Turismo4', '1'),
(531, 'lizabethc05@gmail.com', 'Turismo4', '1'),
(532, 'Fabic2585@gmail.com', 'Turismo4', '1'),
(533, 'cuevafacundo6@gmail.com', 'Turismo4', '1'),
(534, 'daniel.gill.tur@gmail.com', 'Turismo4', '1'),
(535, 'turismoorganizadado@live.com.ar', 'Turismo4', '1'),
(536, 'danielezequiel123@gmail.com', 'Turismo4', '1'),
(537, 'camidiaz.cd@gmail.com', 'Turismo4', '1'),
(538, 'perlaadomingueez@gmail.com', 'Turismo4', '1'),
(539, 'camilanahirduarte@gmail.com', 'Turismo4', '1'),
(540, 'nahuel_e91@hotmail.com', 'Turismo4', '1'),
(541, 'camilasoledad1619@gmail.com', 'Turismo4', '1'),
(542, 'nataliafernandezalmeda@gmail.com', 'Turismo4', '1'),
(543, 'monicardo@live.com.ar', 'Turismo4', '1'),
(544, 'luchigenito@gmail.com', 'Turismo4', '1'),
(545, 'mariegibilisco1gmail.com', 'Turismo4', '1'),
(546, 'marialgimenezdiaz58@gmail.com', 'Turismo4', '1'),
(547, 'Solana.damon.gimenez@gmail.com', 'Turismo4', '1'),
(548, 'gomezvanesa877@gmail.com', 'Turismo4', '1'),
(549, 'belen.gomez94@hotmail.com', 'Turismo4', '1'),
(550, 'blankha.e@hotmail.com', 'Turismo4', '1'),
(551, 'sandra_jara74@hotmail.com', 'Turismo4', '1'),
(552, 'rodrigoleonellara1@gmail.com', 'Turismo4', '1'),
(553, 'ely.chuli10@gmail.com', 'Turismo4', '1'),
(554, 'izza2011@live.com.ar', 'Turismo4', '1'),
(555, 'lobato.frnc@gmail.com', 'Turismo4', '1'),
(556, 'nancylopez1950@hotmail.com', 'Turismo4', '1'),
(557, 'dadylorenzo@gmail.com', 'Turismo4', '1'),
(558, 'lozanolourdes431@gmail.com', 'Turismo4', '1'),
(559, 'brendamaldonadom@outlook.com', 'Turismo4', '1'),
(560, 'Joaquinmariani30@gmail.com', 'Turismo4', '1'),
(561, 'annmatez@hotmail.com', 'Turismo4', '1'),
(562, 'agusmastrolorenzi@gmail.com', 'Turismo4', '1'),
(563, 'mmedinafeijoo@gmail.com', 'Turismo4', '1'),
(564, 'yaelmendoza09@gmail.com', 'Turismo4', '1'),
(565, 'melina_meyer@hotmail.com', 'Turismo4', '1'),
(566, 'Moranireneleila@gmail.com', 'Turismo4', '1'),
(567, 'manubeckmann072@gmail.com', 'Turismo4', '1'),
(568, 'davidnunez000@hotmail.com', 'Turismo4', '1'),
(569, 'ol.rpva@gmail.com', 'Turismo4', '1'),
(570, 'camilapalavecino105@gmail.com', 'Turismo4', '1'),
(571, 'karypaletta@gmail.com', 'Turismo4', '1'),
(572, 'augusto.parrucci@gmail.com', 'Turismo4', '1'),
(573, 'gaby15paz@gmail.com', 'Turismo4', '1'),
(574, 'soidelosredhot@live.com', 'Turismo4', '1'),
(575, 'petersalejo99@gmail.com', 'Turismo4', '1'),
(576, 'angelaldo60@gmail.com', 'Turismo4', '1'),
(577, 'Melissa.quero95@gmail.com', 'Turismo4', '1'),
(578, 'nelracig@gmail.com', 'Turismo4', '1'),
(579, 'barbyvy31@gmail.com', 'Turismo4', '1'),
(580, 'Mariarb156@gmail.com', 'Turismo4', '1'),
(581, 'ramirezcamilatrinidad@gmail.com', 'Turismo4', '1'),
(582, 'rebolinib@gmail.com', 'Turismo4', '1'),
(583, 'roblesashly26@gmail.com', 'Turismo4', '1'),
(584, 'rbelen884@gmail.com', 'Turismo4', '1'),
(585, 'Melinarodd@gmail.com', 'Turismo4', '1'),
(586, 'daiana.rojas95@hotmail.com', 'Turismo4', '1'),
(587, 'francojulian1999@gmail.com', 'Turismo4', '1'),
(588, 'faruiz@outlook.com.ar', 'Turismo4', '1'),
(589, 'luzmilagros199@gmail.com', 'Turismo4', '1'),
(590, 'lusahasquet@gmail.com', 'Turismo4', '1'),
(591, 'marceseoane013@gmail.com', 'Turismo4', '1'),
(592, 'rociosturtzm@gmail.com', 'Turismo4', '1'),
(593, 'karivivisuar78@gmail.com', 'Turismo4', '1'),
(594, 'Mayra_taborda@live.com.ar', 'Turismo4', '1'),
(595, 'magalitebele.09@gmail.com', 'Turismo4', '1'),
(596, 'jennifervazquez020815@gmail.com', 'Turismo4', '1'),
(597, 'florcjsvl25@gmail.com', 'Turismo4', '1'),
(598, 'vivasibarra2@gmail.com', 'Turismo4', '1'),
(599, 'iviveros841@gmail.com', 'Turismo4', '1'),
(600, 'Mariaeugenia_1998@hotmail.com', 'Turismo4', '1'),
(601, 'matiasacevedo049@gmail.com', 'Recursos6', '1'),
(602, 'naaraealegre@gmail.com', 'Recursos6', '1'),
(603, 'sofiamarielalfonzo2014@gmail.com', 'Recursos6', '1'),
(604, 'carolina.s.alonso@hotmail.com', 'Recursos6', '1'),
(605, 'curupayti1058@gmail.com', 'Recursos6', '1'),
(606, 'micajoako97@gmail.com', 'Recursos6', '1'),
(607, 'lucia_amud21@hotmail.com', 'Recursos6', '1'),
(608, 'natiand619@gmail.com', 'Recursos6', '1'),
(609, 'noeliaaredes9@gmail.com', 'Recursos6', '1'),
(610, 'yaninaevangelinaarellano@gmail.com', 'Recursos6', '1'),
(611, 'laliiaybar15@gmail.com', 'Recursos6', '1'),
(612, 'barreto.natali92@gmail.com', 'Recursos6', '1'),
(613, 'cintiabernardotti@gmail.com', 'Recursos6', '1'),
(614, 'Vanebogado52@gmail.com', 'Recursos6', '1'),
(615, 'adribritez08@gmail.com', 'Recursos6', '1'),
(616, 'bdaianamicaela@gmail.com', 'Recursos6', '1'),
(617, 'mariaisabelbustos71@gmail.com', 'Recursos6', '1'),
(618, 'Morochalp89@gmail.com', 'Recursos6', '1'),
(619, 'aloncabral.15@gmail.com', 'Recursos6', '1'),
(620, 'Micaela_caceres@hotmail.com', 'Recursos6', '1'),
(621, 'yesisolange96@gmail.com', 'Recursos6', '1'),
(622, 'yesisolange96@gmail.com', 'Recursos6', '1'),
(623, 'braiancano95@gmail.com', 'Recursos6', '1'),
(624, 'vikicejas1012@gmail.com', 'Recursos6', '1'),
(625, 'aymi.solange@gmail.com', 'Recursos6', '1'),
(626, 'mayclavero03@gmail.com', 'Recursos6', '1'),
(627, 'brencocco@hotmail.com', 'Recursos6', '1'),
(628, 'julietayfelipito2017@gmail.com', 'Recursos6', '1'),
(629, 'antonellacurtido@gmail.com', 'Recursos6', '1'),
(630, 'ariisc@hotmail.com', 'Recursos6', '1'),
(631, 'ceci.diez128@gmail.com', 'Recursos6', '1'),
(632, 'yaninaechegaray@live.com.ar', 'Recursos6', '1'),
(633, 'belen.enrique.38@gmail.com', 'Recursos6', '1'),
(634, 'xccarolina@gmail.com', 'Recursos6', '1'),
(635, 'brenda.estofan@gmail.com', 'Recursos6', '1'),
(636, 'augustoezequielfigueroa@gmail.com', 'Recursos6', '1'),
(637, 'micaflores028@gmail.com', 'Recursos6', '1'),
(638, 'floridianancy601@gmail.com', 'Recursos6', '1'),
(639, 'Rgarcete16@gmail.com', 'Recursos6', '1'),
(640, 'yesigau@hotmail.com', 'Recursos6', '1'),
(641, 'Micaelaghiorzi22@hotmail.com', 'Recursos6', '1'),
(642, 'fatimaarevalogimenez@gmail.com', 'Recursos6', '1'),
(643, 'gonzalezcelestesoledad@outlook.com', 'Recursos6', '1'),
(644, 'nahuel.millonario.07@gmail.com', 'Recursos6', '1'),
(645, 'Va82guzman@gmail.com', 'Recursos6', '1'),
(646, 'karojuan@hotmail.com.ar', 'Recursos6', '1'),
(647, 'yamillguzzman@gmail.com', 'Recursos6', '1'),
(648, 'belendylan1@gmail.com', 'Recursos6', '1'),
(649, 'pamee.h@hotmail.com', 'Recursos6', '1'),
(650, 'karenhumoffe@gmail.com', 'Recursos6', '1'),
(651, 'lamannalara_@hotmail.com', 'Recursos6', '1'),
(652, 'mialegarreta08@gmail.com', 'Recursos6', '1'),
(653, 'rodrigouriel2001@gmail.com', 'Recursos6', '1'),
(654, 'melisa.ml.lopez@gmail.com', 'Recursos6', '1'),
(655, 'lulu17121996@gmail.com', 'Recursos6', '1'),
(656, 'chuluna1983@gmail.com', 'Recursos6', '1'),
(657, 'cintia.r.luna.96@gmail.com', 'Recursos6', '1'),
(658, 'Anamaidana52@gmail.com', 'Recursos6', '1'),
(659, 'tamumaidana@hotmail.com', 'Recursos6', '1'),
(660, 'roxana.e.mansilla@gmail.com', 'Recursos6', '1'),
(661, 'rominagmarisquerena@gmail.com', 'Recursos6', '1'),
(662, 'anahi_tec@outlook.com', 'Recursos6', '1'),
(663, 'johannasoledad1991@gmail.com', 'Recursos6', '1'),
(664, 'pamelamedrano031@gmail.com', 'Recursos6', '1'),
(665, 'mariamenesers@gmail.com', 'Recursos6', '1'),
(666, 'macarena.mercado1992@gmail.com', 'Recursos6', '1'),
(667, 'Mercadosoh@gmail.com', 'Recursos6', '1'),
(668, 'moralesmagali01@gmail.com', 'Recursos6', '1'),
(669, 'tamii.murcia02@gmail.com', 'Recursos6', '1'),
(670, 'ritaines85@gmail.com', 'Recursos6', '1'),
(671, 'caamilanievas@gmail.com', 'Recursos6', '1'),
(672, 'cinthianoto2015@gmail.com', 'Recursos6', '1'),
(673, 'gonzalo.nanez.12@gmail.com', 'Recursos6', '1'),
(674, 'candelaobregon26@gmail.com', 'Recursos6', '1'),
(675, 'ojedabelen697@gmail.com', 'Recursos6', '1'),
(676, 'lucero.alba.ortiz@hotmail.com', 'Recursos6', '1'),
(677, 'damian.pgd@gmail.com', 'Recursos6', '1'),
(678, 'Paezka28@gmail.com', 'Recursos6', '1'),
(679, 'lourdestparedes@gmail.com', 'Recursos6', '1'),
(680, 'kaamii.pavese@gmail.com', 'Recursos6', '1'),
(681, 'perezmariabelenn@gmail.com', 'Recursos6', '1'),
(682, 'micapinea@gmail.com', 'Recursos6', '1'),
(683, 'nerivalu@hotmail.com', 'Recursos6', '1'),
(684, 'quirogaivanclaudio2016@gmail.com', 'Recursos6', '1'),
(685, 'Silviraba@gmail.com', 'Recursos6', '1'),
(686, 'Ramseyer.milena@gmail.com', 'Recursos6', '1'),
(687, 'daianareinoso1002@hotmail.com', 'Recursos6', '1'),
(688, 'alejoribarola@gmail.com', 'Recursos6', '1'),
(689, 'Nehuenlihue10@gmail.com', 'Recursos6', '1'),
(690, 'riverofj15@gmail.com', 'Recursos6', '1'),
(691, 'melinarodriguez656@gmail.com', 'Recursos6', '1'),
(692, 'Kiary.rojas@gmail.com', 'Recursos6', '1'),
(693, 'k.ruizdiaz1997@gmail.com', 'Recursos6', '1'),
(694, 'Camruiz20arg@gmail.com', 'Recursos6', '1'),
(695, 'mialegarreta08@gmail.com', 'Recursos6', '1'),
(696, 'cieloyamaia@gmail.com', 'Recursos6', '1'),
(697, 'Sequeira_johanna@hotmail.com', 'Recursos6', '1'),
(698, 'siarezdalma@hotmail.com', 'Recursos6', '1'),
(699, 'ericavsilva@hotmail.com.ar', 'Recursos6', '1'),
(700, 'jor.silveracortez@gmail.com', 'Recursos6', '1'),
(701, 'lucas1986talar@gmail.com', 'Recursos6', '1'),
(702, 'psosa9179@gmail.com', 'Recursos6', '1'),
(703, 'sotodebrizuela@gmail.com', 'Recursos6', '1'),
(704, 'gspeciale@trf.com.ar', 'Recursos6', '1'),
(705, 'spinellimarina10@gmail.com', 'Recursos6', '1'),
(706, 'nainchaparro@gmail.com', 'Recursos6', '1'),
(707, 'mariacelinataborda@gmail.com', 'Recursos6', '1'),
(708, 'taconariel@gmail.com', 'Recursos6', '1'),
(709, 'milii.toledoescobar04@gmail.com', 'Recursos6', '1'),
(710, 'torrejastj3771530@gmail.com', 'Recursos6', '1'),
(711, 'angelabeltrejo@gmail.com', 'Recursos6', '1'),
(712, 'sofitroiano@hotmail.com', 'Recursos6', '1'),
(713, 'Geraldinelvaldez@hotmail.com', 'Recursos6', '1'),
(714, 'valdivialuz20@gmail.com', 'Recursos6', '1'),
(715, 'fer.villalba51@gmail.com', 'Recursos6', '1'),
(716, 'brenda.villarreal2000@gmail.com', 'Recursos6', '1'),
(717, 'claauuuzumaki@gmail.com', 'Recursos6', '1'),
(718, 'belenybarra5616@gmail.com', 'Recursos6', '1'),
(719, 'sfzacarias2@gmail.com', 'Recursos6', '1'),
(720, 'le@h.com', '1234', '1');

--
-- Índices para tablas volcadas
--

--
-- Indices de la tabla `admin`
--
ALTER TABLE `admin`
  ADD PRIMARY KEY (`ad_id`) USING BTREE;

--
-- Indices de la tabla `alumno`
--
ALTER TABLE `alumno`
  ADD PRIMARY KEY (`al_id`) USING BTREE,
  ADD KEY `id_carrera` (`id_carrera`) USING BTREE;

--
-- Indices de la tabla `carrera`
--
ALTER TABLE `carrera`
  ADD PRIMARY KEY (`ca_id`) USING BTREE;

--
-- Indices de la tabla `constancias`
--
ALTER TABLE `constancias`
  ADD PRIMARY KEY (`co_id`) USING BTREE;

--
-- Indices de la tabla `estados`
--
ALTER TABLE `estados`
  ADD PRIMARY KEY (`id_estado`) USING BTREE;

--
-- Indices de la tabla `hist_academico`
--
ALTER TABLE `hist_academico`
  ADD PRIMARY KEY (`co_id`) USING BTREE;

--
-- Indices de la tabla `materia`
--
ALTER TABLE `materia`
  ADD PRIMARY KEY (`ma_id`) USING BTREE,
  ADD KEY `pr_id` (`pr_id`) USING BTREE,
  ADD KEY `ca_id` (`ca_id`) USING BTREE;

--
-- Indices de la tabla `profesor`
--
ALTER TABLE `profesor`
  ADD PRIMARY KEY (`pr_id`) USING BTREE;

--
-- Indices de la tabla `usuario`
--
ALTER TABLE `usuario`
  ADD PRIMARY KEY (`us_id`) USING BTREE;

--
-- AUTO_INCREMENT de las tablas volcadas
--

--
-- AUTO_INCREMENT de la tabla `admin`
--
ALTER TABLE `admin`
  MODIFY `ad_id` int(11) NOT NULL AUTO_INCREMENT, AUTO_INCREMENT=1000000001;

--
-- AUTO_INCREMENT de la tabla `alumno`
--
ALTER TABLE `alumno`
  MODIFY `al_id` int(50) NOT NULL AUTO_INCREMENT, AUTO_INCREMENT=33239780;

--
-- AUTO_INCREMENT de la tabla `constancias`
--
ALTER TABLE `constancias`
  MODIFY `co_id` int(11) NOT NULL AUTO_INCREMENT;

--
-- AUTO_INCREMENT de la tabla `estados`
--
ALTER TABLE `estados`
  MODIFY `id_estado` int(11) NOT NULL AUTO_INCREMENT, AUTO_INCREMENT=4;

--
-- AUTO_INCREMENT de la tabla `hist_academico`
--
ALTER TABLE `hist_academico`
  MODIFY `co_id` int(11) NOT NULL AUTO_INCREMENT, AUTO_INCREMENT=44;

--
-- AUTO_INCREMENT de la tabla `materia`
--
ALTER TABLE `materia`
  MODIFY `ma_id` int(11) NOT NULL AUTO_INCREMENT, AUTO_INCREMENT=137;

--
-- AUTO_INCREMENT de la tabla `profesor`
--
ALTER TABLE `profesor`
  MODIFY `pr_id` int(11) NOT NULL AUTO_INCREMENT, AUTO_INCREMENT=2;

--
-- AUTO_INCREMENT de la tabla `usuario`
--
ALTER TABLE `usuario`
  MODIFY `us_id` int(11) NOT NULL AUTO_INCREMENT, AUTO_INCREMENT=87655771;

--
-- Restricciones para tablas volcadas
--

--
-- Filtros para la tabla `alumno`
--
ALTER TABLE `alumno`
  ADD CONSTRAINT `id_carrera` FOREIGN KEY (`id_carrera`) REFERENCES `carrera` (`ca_id`) ON DELETE NO ACTION ON UPDATE NO ACTION;

--
-- Filtros para la tabla `materia`
--
ALTER TABLE `materia`
  ADD CONSTRAINT `ca_id` FOREIGN KEY (`ca_id`) REFERENCES `carrera` (`ca_id`) ON DELETE NO ACTION ON UPDATE NO ACTION,
  ADD CONSTRAINT `pr_id` FOREIGN KEY (`pr_id`) REFERENCES `profesor` (`pr_id`) ON DELETE NO ACTION ON UPDATE NO ACTION;
COMMIT;

/*!40101 SET CHARACTER_SET_CLIENT=@OLD_CHARACTER_SET_CLIENT */;
/*!40101 SET CHARACTER_SET_RESULTS=@OLD_CHARACTER_SET_RESULTS */;
/*!40101 SET COLLATION_CONNECTION=@OLD_COLLATION_CONNECTION */;
